#studyAccession	experimentAccession	sampleAccession	runAccessions	experimentAlias	groupName	groupDescription	strategy	platform	layout	reads	species	studyTitle	experimentTitle	sampleTitle	attributes
SRP075604	SRX1796772	SRS1464406	SRR3581892	DRY_SEEDS_2-2	DRY_SEEDS		RNA-Seq	Illumina HiSeq 2000	SINGLE	27508132	Arabidopsis thaliana	High resolution transcriptomic development map of Arabidopsis thaliana based on RNA-seq	Arabidopsis thaliana Dry Seeds Replicate 2	Arabidopsis thaliana Dry Seeds	ecotype=Col-0 (CS70000);dev_stage=Dry seeds;geo_loc_name=Russia: Moscow;tissue=Seed;BioSampleModel=Plant
SRP075604	SRX1796162	SRS1464406	SRR3581731	DRY_SEEDS_1-2	DRY_SEEDS		RNA-Seq	Illumina HiSeq 2000	SINGLE	26702121	Arabidopsis thaliana	High resolution transcriptomic development map of Arabidopsis thaliana based on RNA-seq	Arabidopsis thaliana Dry Seeds Replicate 1	Arabidopsis thaliana Dry Seeds	ecotype=Col-0 (CS70000);dev_stage=Dry seeds;geo_loc_name=Russia: Moscow;tissue=Seed;BioSampleModel=Plant
SRP075604	SRX1796773	SRS1464411	SRR3581893	1D_GERM_SEEDS_2-2	1D_GERM_SEEDS		RNA-Seq	Illumina HiSeq 2000	SINGLE	47349634	Arabidopsis thaliana	High resolution transcriptomic development map of Arabidopsis thaliana based on RNA-seq	Arabidopsis thaliana Germinating seeds 1 Replicate 2	Arabidopsis thaliana Germinating seeds 1	ecotype=Col-0 (CS70000);age=1 day after soaking;geo_loc_name=Russia: Moscow;tissue=Seed;BioSampleModel=Plant
SRP075604	SRX1796178	SRS1464411	SRR3581732	1D_GERM_SEEDS_1-2	1D_GERM_SEEDS		RNA-Seq	Illumina HiSeq 2000	SINGLE	38057923	Arabidopsis thaliana	High resolution transcriptomic development map of Arabidopsis thaliana based on RNA-seq	Arabidopsis thaliana Germinating seeds 1 Replicate 1	Arabidopsis thaliana Germinating seeds 1	ecotype=Col-0 (CS70000);age=1 day after soaking;geo_loc_name=Russia: Moscow;tissue=Seed;BioSampleModel=Plant
SRP075604	SRX1796774	SRS1464416	SRR3581894	2D_GERM_SEEDS_2-2	2D_GERM_SEEDS		RNA-Seq	Illumina HiSeq 2000	SINGLE	39285871	Arabidopsis thaliana	High resolution transcriptomic development map of Arabidopsis thaliana based on RNA-seq	Arabidopsis thaliana Germinating seeds 2 Replicate 2	Arabidopsis thaliana Germinating seeds 2	ecotype=Col-0 (CS70000);age=2 day after soaking;geo_loc_name=Russia: Moscow;tissue=Seed;BioSampleModel=Plant
SRP075604	SRX1796183	SRS1464416	SRR3581733	2D_GERM_SEEDS_1-2	2D_GERM_SEEDS		RNA-Seq	Illumina HiSeq 2000	SINGLE	25250971	Arabidopsis thaliana	High resolution transcriptomic development map of Arabidopsis thaliana based on RNA-seq	Arabidopsis thaliana Germinating seeds 2 Replicate 1	Arabidopsis thaliana Germinating seeds 2	ecotype=Col-0 (CS70000);age=2 day after soaking;geo_loc_name=Russia: Moscow;tissue=Seed;BioSampleModel=Plant
SRP075604	SRX1796775	SRS1464420	SRR3581895	3D_GERM_SEEDS_2-2	3D_GERM_SEEDS		RNA-Seq	Illumina HiSeq 2000	SINGLE	29638232	Arabidopsis thaliana	High resolution transcriptomic development map of Arabidopsis thaliana based on RNA-seq	Arabidopsis thaliana Germinating seeds 3 Replicate 2	Arabidopsis thaliana Germinating seeds 3	ecotype=Col-0 (CS70000);age=3 day after soaking;geo_loc_name=Russia: Moscow;tissue=Seed;BioSampleModel=Plant
SRP075604	SRX1796187	SRS1464420	SRR3581734	3D_GERM_SEEDS_1-2	3D_GERM_SEEDS		RNA-Seq	Illumina HiSeq 2000	SINGLE	25956210	Arabidopsis thaliana	High resolution transcriptomic development map of Arabidopsis thaliana based on RNA-seq	Arabidopsis thaliana Germinating seeds 3 Replicate 1	Arabidopsis thaliana Germinating seeds 3	ecotype=Col-0 (CS70000);age=3 day after soaking;geo_loc_name=Russia: Moscow;tissue=Seed;BioSampleModel=Plant
SRP075604	SRX1796283	SRS1464109	SRR3581846	MAT_LEAF_LAMINA_2-2	MAT_LEAF_LAMINA		RNA-Seq	Illumina HiSeq 2000	SINGLE	26667125	Arabidopsis thaliana	High resolution transcriptomic development map of Arabidopsis thaliana based on RNA-seq	Arabidopsis thaliana Leaf Lamina of the mature leaf Replicate 2	Arabidopsis thaliana Leaf Lamina of the mature leaf	ecotype=Col-0 (CS70000);dev_stage=anthesis of the first flower;geo_loc_name=Russia: Moscow;tissue=Leaf blade;BioSampleModel=Plant
SRP075604	SRX1795749	SRS1464109	SRR3581680	MAT_LEAF_LAMINA_1-2	MAT_LEAF_LAMINA		RNA-Seq	Illumina HiSeq 2000	SINGLE	26993753	Arabidopsis thaliana	High resolution transcriptomic development map of Arabidopsis thaliana based on RNA-seq	Arabidopsis thaliana Leaf Lamina of the mature leaf Replicate 1	Arabidopsis thaliana Leaf Lamina of the mature leaf	ecotype=Col-0 (CS70000);dev_stage=anthesis of the first flower;geo_loc_name=Russia: Moscow;tissue=Leaf blade;BioSampleModel=Plant
SRP075604	SRX1796275	SRS1464093	SRR3581838	YNG_LEAF_LAMINA_2-2	YNG_LEAF_LAMINA		RNA-Seq	Illumina HiSeq 2000	SINGLE	28807193	Arabidopsis thaliana	High resolution transcriptomic development map of Arabidopsis thaliana based on RNA-seq	Arabidopsis thaliana Leaf Lamina of the young leaf Replicate 2	Arabidopsis thaliana Leaf Lamina of the young leaf	ecotype=Col-0 (CS70000);age=7 day;geo_loc_name=Russia: Moscow;tissue=Leaf blade;BioSampleModel=Plant
SRP075604	SRX1795734	SRS1464093	SRR3581388	YNG_LEAF_LAMINA_1-2	YNG_LEAF_LAMINA		RNA-Seq	Illumina HiSeq 2000	SINGLE	23581358	Arabidopsis thaliana	High resolution transcriptomic development map of Arabidopsis thaliana based on RNA-seq	Arabidopsis thaliana Leaf Lamina of the young leaf Replicate 1	Arabidopsis thaliana Leaf Lamina of the young leaf	ecotype=Col-0 (CS70000);age=7 day;geo_loc_name=Russia: Moscow;tissue=Leaf blade;BioSampleModel=Plant
SRP075604	SRX1796280	SRS1464104	SRR3581843	IM_2_LEAF_LAMINA_2-2	IM_2_LEAF_LAMINA		RNA-Seq	Illumina HiSeq 2000	SINGLE	24332850	Arabidopsis thaliana	High resolution transcriptomic development map of Arabidopsis thaliana based on RNA-seq	Arabidopsis thaliana Leaf Lamina, intermediate 2 Replicate 2	Arabidopsis thaliana Leaf Lamina, intermediate 2	ecotype=Col-0 (CS70000);age=12 day;geo_loc_name=Russia: Moscow;tissue=Leaf blade;BioSampleModel=Plant
SRP075604	SRX1795744	SRS1464104	SRR3581676	IM_2_LEAF_LAMINA_1-2	IM_2_LEAF_LAMINA		RNA-Seq	Illumina HiSeq 2000	SINGLE	25075794	Arabidopsis thaliana	High resolution transcriptomic development map of Arabidopsis thaliana based on RNA-seq	Arabidopsis thaliana Leaf Lamina, intermediate 2 Replicate 1	Arabidopsis thaliana Leaf Lamina, intermediate 2	ecotype=Col-0 (CS70000);age=12 day;geo_loc_name=Russia: Moscow;tissue=Leaf blade;BioSampleModel=Plant
SRP075604	SRX1796277	SRS1464099	SRR3581840	IM_1_LEAF_LAMINA_2-2	IM_1_LEAF_LAMINA		RNA-Seq	Illumina HiSeq 2000	SINGLE	23126617	Arabidopsis thaliana	High resolution transcriptomic development map of Arabidopsis thaliana based on RNA-seq	Arabidopsis thaliana Leaf Lamina, intermediate 1 Replicate 2	Arabidopsis thaliana Leaf Lamina, intermediate 1	ecotype=Col-0 (CS70000);age=9 day;geo_loc_name=Russia: Moscow;tissue=Leaf blade;BioSampleModel=Plant
SRP075604	SRX1795740	SRS1464099	SRR3581591	IM_1_LEAF_LAMINA_1-2	IM_1_LEAF_LAMINA		RNA-Seq	Illumina HiSeq 2000	SINGLE	33340975	Arabidopsis thaliana	High resolution transcriptomic development map of Arabidopsis thaliana based on RNA-seq	Arabidopsis thaliana Leaf Lamina, intermediate 1 Replicate 1	Arabidopsis thaliana Leaf Lamina, intermediate 1	ecotype=Col-0 (CS70000);age=9 day;geo_loc_name=Russia: Moscow;tissue=Leaf blade;BioSampleModel=Plant
SRP075604	SRX1796281	SRS1464106	SRR3581844	MAT_LEAF_PETIOLE_2-2	MAT_LEAF_PETIOLE		RNA-Seq	Illumina HiSeq 2000	SINGLE	28212423	Arabidopsis thaliana	High resolution transcriptomic development map of Arabidopsis thaliana based on RNA-seq	Arabidopsis thaliana Leaf Petiole of the mature leaf Replicate 2	Arabidopsis thaliana Leaf Petiole of the mature leaf	ecotype=Col-0 (CS70000);dev_stage=anthesis of the first flower;geo_loc_name=Russia: Moscow;tissue=Leaf petiole;BioSampleModel=Plant
SRP075604	SRX1795746	SRS1464106	SRR3581678	MAT_LEAF_PETIOLE_1-2	MAT_LEAF_PETIOLE		RNA-Seq	Illumina HiSeq 2000	SINGLE	22822490	Arabidopsis thaliana	High resolution transcriptomic development map of Arabidopsis thaliana based on RNA-seq	Arabidopsis thaliana Leaf Petiole of the mature leaf Replicate 1	Arabidopsis thaliana Leaf Petiole of the mature leaf	ecotype=Col-0 (CS70000);dev_stage=anthesis of the first flower;geo_loc_name=Russia: Moscow;tissue=Leaf petiole;BioSampleModel=Plant
SRP075604	SRX1796285	SRS1464111	SRR3581848	SEN_LEAF_PETIOLE_2-2	SEN_LEAF_PETIOLE		RNA-Seq	Illumina HiSeq 2000	SINGLE	27739221	Arabidopsis thaliana	High resolution transcriptomic development map of Arabidopsis thaliana based on RNA-seq	Arabidopsis thaliana Leaf Petiole of the senescent leaf Replicate 2	Arabidopsis thaliana Leaf Petiole of the senescent leaf	ecotype=Col-0 (CS70000);dev_stage=first silique was yellow and ready to open;geo_loc_name=Russia: Moscow;tissue=Leaf petiole;BioSampleModel=Plant
SRP075604	SRX1795751	SRS1464111	SRR3581682	SEN_LEAF_PETIOLE_1-2	SEN_LEAF_PETIOLE		RNA-Seq	Illumina HiSeq 2000	SINGLE	24932863	Arabidopsis thaliana	High resolution transcriptomic development map of Arabidopsis thaliana based on RNA-seq	Arabidopsis thaliana Leaf Petiole of the senescent leaf Replicate 1	Arabidopsis thaliana Leaf Petiole of the senescent leaf	ecotype=Col-0 (CS70000);dev_stage=first silique was yellow and ready to open;geo_loc_name=Russia: Moscow;tissue=Leaf petiole;BioSampleModel=Plant
SRP075604	SRX1796262	SRS1464089	SRR3581837	YNG_LEAF_PETIOLE_2-2	YNG_LEAF_PETIOLE		RNA-Seq	Illumina HiSeq 2000	SINGLE	31843474	Arabidopsis thaliana	High resolution transcriptomic development map of Arabidopsis thaliana based on RNA-seq	Arabidopsis thaliana Leaf Petiole of the young leaf Replicate 2	Arabidopsis thaliana Leaf Petiole of the young leaf	ecotype=Col-0 (CS70000);age=7 day;geo_loc_name=Russia: Moscow;tissue=Leaf petiole;BioSampleModel=Plant
SRP075604	SRX1795729	SRS1464089	SRR3581383	YNG_LEAF_PETIOLE_1-2	YNG_LEAF_PETIOLE		RNA-Seq	Illumina HiSeq 2000	SINGLE	33202776	Arabidopsis thaliana	High resolution transcriptomic development map of Arabidopsis thaliana based on RNA-seq	Arabidopsis thaliana Leaf Petiole of the young leaf Replicate 1	Arabidopsis thaliana Leaf Petiole of the young leaf	ecotype=Col-0 (CS70000);age=7 day;geo_loc_name=Russia: Moscow;tissue=Leaf petiole;BioSampleModel=Plant
SRP075604	SRX1796278	SRS1464101	SRR3581841	IM_2_LEAF_PETIOLE_2-2	IM_2_LEAF_PETIOLE		RNA-Seq	Illumina HiSeq 2000	SINGLE	24569949	Arabidopsis thaliana	High resolution transcriptomic development map of Arabidopsis thaliana based on RNA-seq	Arabidopsis thaliana Leaf Petiole, intermediate 2 Replicate 2	Arabidopsis thaliana Leaf Petiole, intermediate 2	ecotype=Col-0 (CS70000);age=12 day;geo_loc_name=Russia: Moscow;tissue=Leaf petiole;BioSampleModel=Plant
SRP075604	SRX1795741	SRS1464101	SRR3581639	IM_2_LEAF_PETIOLE_1-2	IM_2_LEAF_PETIOLE		RNA-Seq	Illumina HiSeq 2000	SINGLE	26103420	Arabidopsis thaliana	High resolution transcriptomic development map of Arabidopsis thaliana based on RNA-seq	Arabidopsis thaliana Leaf Petiole, intermediate 2 Replicate 1	Arabidopsis thaliana Leaf Petiole, intermediate 2	ecotype=Col-0 (CS70000);age=12 day;geo_loc_name=Russia: Moscow;tissue=Leaf petiole;BioSampleModel=Plant
SRP075604	SRX1796276	SRS1464097	SRR3581839	IM_1_LEAF_PETIOLE_2-2	IM_1_LEAF_PETIOLE		RNA-Seq	Illumina HiSeq 2000	SINGLE	25048896	Arabidopsis thaliana	High resolution transcriptomic development map of Arabidopsis thaliana based on RNA-seq	Arabidopsis thaliana Leaf Petiole, intermediate 1 Replicate 2	Arabidopsis thaliana Leaf Petiole, intermediate 1	ecotype=Col-0 (CS70000);age=9 day;geo_loc_name=Russia: Moscow;tissue=Leaf petiole;BioSampleModel=Plant
SRP075604	SRX1795738	SRS1464097	SRR3581499	IM_1_LEAF_PETIOLE_1-2	IM_1_LEAF_PETIOLE		RNA-Seq	Illumina HiSeq 2000	SINGLE	24944580	Arabidopsis thaliana	High resolution transcriptomic development map of Arabidopsis thaliana based on RNA-seq	Arabidopsis thaliana Leaf Petiole, intermediate 1 Replicate 1	Arabidopsis thaliana Leaf Petiole, intermediate 1	ecotype=Col-0 (CS70000);age=9 day;geo_loc_name=Russia: Moscow;tissue=Leaf petiole;BioSampleModel=Plant
SRP075604	SRX1796282	SRS1464107	SRR3581845	MAT_LEAF_VEIN_2-2	MAT_LEAF_VEIN		RNA-Seq	Illumina HiSeq 2000	SINGLE	25343154	Arabidopsis thaliana	High resolution transcriptomic development map of Arabidopsis thaliana based on RNA-seq	Arabidopsis thaliana Leaf Vein of the mature leaf Replicate 2	Arabidopsis thaliana Leaf Vein of the mature leaf	ecotype=Col-0 (CS70000);dev_stage=anthesis of the first flower;geo_loc_name=Russia: Moscow;tissue=Leaf midrib;BioSampleModel=Plant
SRP075604	SRX1795748	SRS1464107	SRR3581679	MAT_LEAF_VEIN_1-2	MAT_LEAF_VEIN		RNA-Seq	Illumina HiSeq 2000	SINGLE	25009652	Arabidopsis thaliana	High resolution transcriptomic development map of Arabidopsis thaliana based on RNA-seq	Arabidopsis thaliana Leaf Vein of the mature leaf Replicate 1	Arabidopsis thaliana Leaf Vein of the mature leaf	ecotype=Col-0 (CS70000);dev_stage=anthesis of the first flower;geo_loc_name=Russia: Moscow;tissue=Leaf midrib;BioSampleModel=Plant
SRP075604	SRX1796286	SRS1464116	SRR3581849	SEN_LEAF_VEIN_2-2	SEN_LEAF_VEIN		RNA-Seq	Illumina HiSeq 2000	SINGLE	27393460	Arabidopsis thaliana	High resolution transcriptomic development map of Arabidopsis thaliana based on RNA-seq	Arabidopsis thaliana Leaf Vein of the senescent leaf Replicate 2	Arabidopsis thaliana Leaf Vein of the senescent leaf	ecotype=Col-0 (CS70000);dev_stage=first silique was yellow and ready to open;geo_loc_name=Russia: Moscow;tissue=Leaf midrib;BioSampleModel=Plant
SRP075604	SRX1795756	SRS1464116	SRR3581683	SEN_LEAF_VEIN_1-2	SEN_LEAF_VEIN		RNA-Seq	Illumina HiSeq 2000	SINGLE	26367808	Arabidopsis thaliana	High resolution transcriptomic development map of Arabidopsis thaliana based on RNA-seq	Arabidopsis thaliana Leaf Vein of the senescent leaf Replicate 1	Arabidopsis thaliana Leaf Vein of the senescent leaf	ecotype=Col-0 (CS70000);dev_stage=first silique was yellow and ready to open;geo_loc_name=Russia: Moscow;tissue=Leaf midrib;BioSampleModel=Plant
SRP075604	SRX1796279	SRS1464102	SRR3581842	IM_2_LEAF_VEIN_2-2	IM_2_LEAF_VEIN		RNA-Seq	Illumina HiSeq 2000	SINGLE	22738637	Arabidopsis thaliana	High resolution transcriptomic development map of Arabidopsis thaliana based on RNA-seq	Arabidopsis thaliana Leaf Vein, intermediate 2 Replicate 2	Arabidopsis thaliana Leaf Vein, intermediate 2	ecotype=Col-0 (CS70000);age=12 day;geo_loc_name=Russia: Moscow;tissue=Leaf midrib;BioSampleModel=Plant
SRP075604	SRX1795742	SRS1464102	SRR3581672	IM_2_LEAF_VEIN_1-2	IM_2_LEAF_VEIN		RNA-Seq	Illumina HiSeq 2000	SINGLE	26650575	Arabidopsis thaliana	High resolution transcriptomic development map of Arabidopsis thaliana based on RNA-seq	Arabidopsis thaliana Leaf Vein, intermediate 2 Replicate 1	Arabidopsis thaliana Leaf Vein, intermediate 2	ecotype=Col-0 (CS70000);age=12 day;geo_loc_name=Russia: Moscow;tissue=Leaf midrib;BioSampleModel=Plant
SRP075604	SRX1796284	SRS1464110	SRR3581847	MAT_LEAF_2-2	MAT_LEAF		RNA-Seq	Illumina HiSeq 2000	SINGLE	27114340	Arabidopsis thaliana	High resolution transcriptomic development map of Arabidopsis thaliana based on RNA-seq	Arabidopsis thaliana Leaf, mature Replicate 2	Arabidopsis thaliana Leaf, mature	ecotype=Col-0 (CS70000);dev_stage=anthesis of the first flower;geo_loc_name=Russia: Moscow;tissue=Leaf;BioSampleModel=Plant
SRP075604	SRX1795750	SRS1464110	SRR3581681	MAT_LEAF_1-2	MAT_LEAF		RNA-Seq	Illumina HiSeq 2000	SINGLE	25661062	Arabidopsis thaliana	High resolution transcriptomic development map of Arabidopsis thaliana based on RNA-seq	Arabidopsis thaliana Leaf, mature Replicate 1	Arabidopsis thaliana Leaf, mature	ecotype=Col-0 (CS70000);dev_stage=anthesis of the first flower;geo_loc_name=Russia: Moscow;tissue=Leaf;BioSampleModel=Plant
SRP075604	SRX1796716	SRS1464122	SRR3581850	OPENED_ANTHERS_2-2	OPENED_ANTHERS		RNA-Seq	Illumina HiSeq 2000	SINGLE	28694663	Arabidopsis thaliana	High resolution transcriptomic development map of Arabidopsis thaliana based on RNA-seq	Arabidopsis thaliana Opened Anthers Replicate 2	Arabidopsis thaliana Opened Anthers	ecotype=Col-0 (CS70000);dev_stage=anthesis of the first flower;geo_loc_name=Russia: Moscow;tissue=Opened Anther;BioSampleModel=Plant
SRP075604	SRX1795762	SRS1464122	SRR3581684	OPENED_ANTHERS_1-2	OPENED_ANTHERS		RNA-Seq	Illumina HiSeq 2000	SINGLE	23453425	Arabidopsis thaliana	High resolution transcriptomic development map of Arabidopsis thaliana based on RNA-seq	Arabidopsis thaliana Opened Anthers Replicate 1	Arabidopsis thaliana Opened Anthers	ecotype=Col-0 (CS70000);dev_stage=anthesis of the first flower;geo_loc_name=Russia: Moscow;tissue=Opened Anther;BioSampleModel=Plant
SRP075604	SRX1796733	SRS1464143	SRR3581853	MAT_FLOWER_STAMEN_FILAMEN_2-2	MAT_FLOWER_STAMEN_FILAMEN		RNA-Seq	Illumina HiSeq 2000	SINGLE	34800570	Arabidopsis thaliana	High resolution transcriptomic development map of Arabidopsis thaliana based on RNA-seq	Arabidopsis thaliana Stamen filaments of the mature flower Replicate 2	Arabidopsis thaliana Stamen filaments of the mature flower	ecotype=Col-0 (CS70000);dev_stage=anthesis of the first flower;geo_loc_name=Russia: Moscow;tissue=Stamen filament;BioSampleModel=Plant
SRP075604	SRX1795783	SRS1464143	SRR3581687	MAT_FLOWER_STAMEN_FILAMEN_1-2	MAT_FLOWER_STAMEN_FILAMEN		RNA-Seq	Illumina HiSeq 2000	SINGLE	30866223	Arabidopsis thaliana	High resolution transcriptomic development map of Arabidopsis thaliana based on RNA-seq	Arabidopsis thaliana Stamen filaments of the mature flower Replicate 1	Arabidopsis thaliana Stamen filaments of the mature flower	ecotype=Col-0 (CS70000);dev_stage=anthesis of the first flower;geo_loc_name=Russia: Moscow;tissue=Stamen filament;BioSampleModel=Plant
SRP075604	SRX1796764	SRS1464312	SRR3581884	YNG_SEEDS_1_2-2	YNG_SEEDS_1		RNA-Seq	Illumina HiSeq 2000	SINGLE	27266024	Arabidopsis thaliana	High resolution transcriptomic development map of Arabidopsis thaliana based on RNA-seq	Arabidopsis thaliana Young seeds 1 Replicate 2	Arabidopsis thaliana Young seeds 1	ecotype=Col-0 (CS70000);dev_stage=abscission of the first flower;geo_loc_name=Russia: Moscow;tissue=Seed from silique 1;BioSampleModel=Plant
SRP075604	SRX1796042	SRS1464312	SRR3581719	YNG_SEEDS_1_1-2	YNG_SEEDS_1		RNA-Seq	Illumina HiSeq 2000	SINGLE	25576292	Arabidopsis thaliana	High resolution transcriptomic development map of Arabidopsis thaliana based on RNA-seq	Arabidopsis thaliana Young seeds 1 Replicate 1	Arabidopsis thaliana Young seeds 1	ecotype=Col-0 (CS70000);dev_stage=abscission of the first flower;geo_loc_name=Russia: Moscow;tissue=Seed from silique 1;BioSampleModel=Plant
SRP075604	SRX1796765	SRS1464322	SRR3581885	YNG_SEEDS_2_2-2	YNG_SEEDS_2		RNA-Seq	Illumina HiSeq 2000	SINGLE	25628150	Arabidopsis thaliana	High resolution transcriptomic development map of Arabidopsis thaliana based on RNA-seq	Arabidopsis thaliana Young seeds 2 Replicate 2	Arabidopsis thaliana Young seeds 2	ecotype=Col-0 (CS70000);dev_stage=abscission of the first flower;geo_loc_name=Russia: Moscow;tissue=Seed from silique 2;BioSampleModel=Plant
SRP075604	SRX1796053	SRS1464322	SRR3581720	YNG_SEEDS_2_1-2	YNG_SEEDS_2		RNA-Seq	Illumina HiSeq 2000	SINGLE	28131139	Arabidopsis thaliana	High resolution transcriptomic development map of Arabidopsis thaliana based on RNA-seq	Arabidopsis thaliana Young seeds 2 Replicate 1	Arabidopsis thaliana Young seeds 2	ecotype=Col-0 (CS70000);dev_stage=abscission of the first flower;geo_loc_name=Russia: Moscow;tissue=Seed from silique 2;BioSampleModel=Plant
SRP075604	SRX1796766	SRS1464336	SRR3581886	YNG_SEEDS_3_2-2	YNG_SEEDS_3		RNA-Seq	Illumina HiSeq 2000	SINGLE	28440448	Arabidopsis thaliana	High resolution transcriptomic development map of Arabidopsis thaliana based on RNA-seq	Arabidopsis thaliana Young seeds 3 Replicate 2	Arabidopsis thaliana Young seeds 3	ecotype=Col-0 (CS70000);dev_stage=abscission of the first flower;geo_loc_name=Russia: Moscow;tissue=Seed from silique 3;BioSampleModel=Plant
SRP075604	SRX1796065	SRS1464336	SRR3581721	YNG_SEEDS_3_1-2	YNG_SEEDS_3		RNA-Seq	Illumina HiSeq 2000	SINGLE	27491378	Arabidopsis thaliana	High resolution transcriptomic development map of Arabidopsis thaliana based on RNA-seq	Arabidopsis thaliana Young seeds 3 Replicate 1	Arabidopsis thaliana Young seeds 3	ecotype=Col-0 (CS70000);dev_stage=abscission of the first flower;geo_loc_name=Russia: Moscow;tissue=Seed from silique 3;BioSampleModel=Plant
SRP075604	SRX1796767	SRS1464344	SRR3581887	YNG_SEEDS_4_2-2	YNG_SEEDS_4		RNA-Seq	Illumina HiSeq 2000	SINGLE	30268464	Arabidopsis thaliana	High resolution transcriptomic development map of Arabidopsis thaliana based on RNA-seq	Arabidopsis thaliana Young seeds 4 Replicate 2	Arabidopsis thaliana Young seeds 4	ecotype=Col-0 (CS70000);dev_stage=abscission of the first flower;geo_loc_name=Russia: Moscow;tissue=Seed from silique 4;BioSampleModel=Plant
SRP075604	SRX1796073	SRS1464344	SRR3581724	YNG_SEEDS_4_1-2	YNG_SEEDS_4		RNA-Seq	Illumina HiSeq 2000	SINGLE	27335625	Arabidopsis thaliana	High resolution transcriptomic development map of Arabidopsis thaliana based on RNA-seq	Arabidopsis thaliana Young seeds 4 Replicate 1	Arabidopsis thaliana Young seeds 4	ecotype=Col-0 (CS70000);dev_stage=abscission of the first flower;geo_loc_name=Russia: Moscow;tissue=Seed from silique 4;BioSampleModel=Plant
SRP075604	SRX1796085	SRS1464349	SRR3581726	YNG_SEEDS_5_1-2	YNG_SEEDS_5		RNA-Seq	Illumina HiSeq 2000	SINGLE	26085742	Arabidopsis thaliana	High resolution transcriptomic development map of Arabidopsis thaliana based on RNA-seq	Arabidopsis thaliana Young seeds 5 Replicate 1	Arabidopsis thaliana Young seeds 5	ecotype=Col-0 (CS70000);dev_stage=abscission of the first flower;geo_loc_name=Russia: Moscow;tissue=Seed from silique 5;BioSampleModel=Plant
SRP075604	SRX1796768	SRS1464349	SRR3581888	YNG_SEEDS_5_2-2	YNG_SEEDS_5		RNA-Seq	Illumina HiSeq 2000	SINGLE	26371619	Arabidopsis thaliana	High resolution transcriptomic development map of Arabidopsis thaliana based on RNA-seq	Arabidopsis thaliana Young seeds 5 Replicate 2	Arabidopsis thaliana Young seeds 5	ecotype=Col-0 (CS70000);dev_stage=abscission of the first flower;geo_loc_name=Russia: Moscow;tissue=Seed from silique 5;BioSampleModel=Plant
SRP075604	SRX1795774	SRS1464133	SRR3581686	MAT_FLOWER_ANTHERS_1-1	MAT_FLOWER_ANTHERS		RNA-Seq	Illumina HiSeq 2000	SINGLE	23196621	Arabidopsis thaliana	High resolution transcriptomic development map of Arabidopsis thaliana based on RNA-seq	Arabidopsis thaliana Anthers of the mature flower (before opening) Replicate 1	Arabidopsis thaliana Anthers of the mature flower (before opening)	ecotype=Col-0 (CS70000);dev_stage=anthesis of the first flower;geo_loc_name=Russia: Moscow;tissue=Anther before opening;BioSampleModel=Plant
SRP075604	SRX1796737	SRS1464148	SRR3581857	YNG_FLOWER_ANTHERS_2-2	YNG_FLOWER_ANTHERS		RNA-Seq	Illumina HiSeq 2000	SINGLE	30312963	Arabidopsis thaliana	High resolution transcriptomic development map of Arabidopsis thaliana based on RNA-seq	Arabidopsis thaliana Anthers of the young flower Replicate 2	Arabidopsis thaliana Anthers of the young flower	ecotype=Col-0 (CS70000);dev_stage=stage 9;geo_loc_name=Russia: Moscow;tissue=Young anther;BioSampleModel=Plant
SRP075604	SRX1795824	SRS1464148	SRR3581691	YNG_FLOWER_ANTHERS_1-2	YNG_FLOWER_ANTHERS		RNA-Seq	Illumina HiSeq 2000	SINGLE	28651462	Arabidopsis thaliana	High resolution transcriptomic development map of Arabidopsis thaliana based on RNA-seq	Arabidopsis thaliana Anthers of the young flower Replicate 1	Arabidopsis thaliana Anthers of the young flower	ecotype=Col-0 (CS70000);dev_stage=stage 9;geo_loc_name=Russia: Moscow;tissue=Young anther;BioSampleModel=Plant
SRP075604	SRX1796750	SRS1464239	SRR3581870	INFLORESCENCE_AXIS_2-2	INFLORESCENCE_AXIS		RNA-Seq	Illumina HiSeq 2000	SINGLE	22794246	Arabidopsis thaliana	High resolution transcriptomic development map of Arabidopsis thaliana based on RNA-seq	Arabidopsis thaliana Axis of the inflorescence Replicate 2	Arabidopsis thaliana Axis of the inflorescence	ecotype=Col-0 (CS70000);dev_stage=anthesis of the first flower;geo_loc_name=Russia: Moscow;tissue=Inflorescence axis;BioSampleModel=Plant
SRP075604	SRX1795967	SRS1464239	SRR3581704	INFLORESCENCE_AXIS_1-2	INFLORESCENCE_AXIS		RNA-Seq	Illumina HiSeq 2000	SINGLE	24331374	Arabidopsis thaliana	High resolution transcriptomic development map of Arabidopsis thaliana based on RNA-seq	Arabidopsis thaliana Axis of the inflorescence Replicate 1	Arabidopsis thaliana Axis of the inflorescence	ecotype=Col-0 (CS70000);dev_stage=anthesis of the first flower;geo_loc_name=Russia: Moscow;tissue=Inflorescence axis;BioSampleModel=Plant
SRP075604	SRX1796771	SRS1464404	SRR3581891	FLOWER_6&7_CARPEL_2-2	FLOWER_6&7_CARPEL		RNA-Seq	Illumina HiSeq 2000	SINGLE	24338272	Arabidopsis thaliana	High resolution transcriptomic development map of Arabidopsis thaliana based on RNA-seq	Arabidopsis thaliana Carpel of 6th and 7th flowers Replicate 2	Arabidopsis thaliana Carpel of 6th and 7th flowers	ecotype=Col-0 (CS70000);dev_stage=abscission of the first flower;geo_loc_name=Russia: Moscow;tissue=Carpel;BioSampleModel=Plant
SRP075604	SRX1796153	SRS1464404	SRR3581730	FLOWER_6&7_CARPEL_1-2	FLOWER_6&7_CARPEL		RNA-Seq	Illumina HiSeq 2000	SINGLE	30441905	Arabidopsis thaliana	High resolution transcriptomic development map of Arabidopsis thaliana based on RNA-seq	Arabidopsis thaliana Carpel of 6th and 7th flowers Replicate 1	Arabidopsis thaliana Carpel of 6th and 7th flowers	ecotype=Col-0 (CS70000);dev_stage=abscission of the first flower;geo_loc_name=Russia: Moscow;tissue=Carpel;BioSampleModel=Plant
SRP075604	SRX1796717	SRS1464129	SRR3581851	MAT_FLOWER_CARPELS_2-2	MAT_FLOWER_CARPELS		RNA-Seq	Illumina HiSeq 2000	SINGLE	26701833	Arabidopsis thaliana	High resolution transcriptomic development map of Arabidopsis thaliana based on RNA-seq	Arabidopsis thaliana Carpels of the mature flower (before pollination) Replicate 2	Arabidopsis thaliana Carpels of the mature flower (before pollination)	ecotype=Col-0 (CS70000);dev_stage=anthesis of the first flower;geo_loc_name=Russia: Moscow;tissue=Carpel;BioSampleModel=Plant
SRP075604	SRX1795769	SRS1464129	SRR3581685	MAT_FLOWER_CARPELS_1-2	MAT_FLOWER_CARPELS		RNA-Seq	Illumina HiSeq 2000	SINGLE	23783835	Arabidopsis thaliana	High resolution transcriptomic development map of Arabidopsis thaliana based on RNA-seq	Arabidopsis thaliana Carpels of the mature flower (before pollination) Replicate 1	Arabidopsis thaliana Carpels of the mature flower (before pollination)	ecotype=Col-0 (CS70000);dev_stage=anthesis of the first flower;geo_loc_name=Russia: Moscow;tissue=Carpel;BioSampleModel=Plant
SRP075604	SRX1796736	SRS1464147	SRR3581856	YNG_FLOWER_CARPELS_2-2	YNG_FLOWER_CARPELS		RNA-Seq	Illumina HiSeq 2000	SINGLE	26235190	Arabidopsis thaliana	High resolution transcriptomic development map of Arabidopsis thaliana based on RNA-seq	Arabidopsis thaliana Carpels of the young flower Replicate 2	Arabidopsis thaliana Carpels of the young flower	ecotype=Col-0 (CS70000);dev_stage=stage 9;geo_loc_name=Russia: Moscow;tissue=Young carpel;BioSampleModel=Plant
SRP075604	SRX1795814	SRS1464147	SRR3581690	YNG_FLOWER_CARPELS_1-2	YNG_FLOWER_CARPELS		RNA-Seq	Illumina HiSeq 2000	SINGLE	25631418	Arabidopsis thaliana	High resolution transcriptomic development map of Arabidopsis thaliana based on RNA-seq	Arabidopsis thaliana Carpels of the young flower Replicate 1	Arabidopsis thaliana Carpels of the young flower	ecotype=Col-0 (CS70000);dev_stage=stage 9;geo_loc_name=Russia: Moscow;tissue=Young carpel;BioSampleModel=Plant
SRP075604	SRX1796769	SRS1464351	SRR3581889	FLOWER_6&7_OVULES_2-2	FLOWER_6&7_OVULES		RNA-Seq	Illumina HiSeq 2000	SINGLE	27224049	Arabidopsis thaliana	High resolution transcriptomic development map of Arabidopsis thaliana based on RNA-seq	Arabidopsis thaliana Ovules from 6th and 7th flowers Replicate 2	Arabidopsis thaliana Ovules from 6th and 7th flowers	ecotype=Col-0 (CS70000);dev_stage=abscission of the first flower;geo_loc_name=Russia: Moscow;tissue=Ovule;BioSampleModel=Plant
SRP075604	SRX1796089	SRS1464351	SRR3581727	FLOWER_6&7_OVULES_1-2	FLOWER_6&7_OVULES		RNA-Seq	Illumina HiSeq 2000	SINGLE	27002720	Arabidopsis thaliana	High resolution transcriptomic development map of Arabidopsis thaliana based on RNA-seq	Arabidopsis thaliana Ovules from 6th and 7th flowers Replicate 1	Arabidopsis thaliana Ovules from 6th and 7th flowers	ecotype=Col-0 (CS70000);dev_stage=abscission of the first flower;geo_loc_name=Russia: Moscow;tissue=Ovule;BioSampleModel=Plant
SRP075604	SRX1796734	SRS1464145	SRR3581854	MAT_FLOWER_PETALS_2-2	MAT_FLOWER_PETALS		RNA-Seq	Illumina HiSeq 2000	SINGLE	26067649	Arabidopsis thaliana	High resolution transcriptomic development map of Arabidopsis thaliana based on RNA-seq	Arabidopsis thaliana Petals of the mature flower Replicate 2	Arabidopsis thaliana Petals of the mature flower	ecotype=Col-0 (CS70000);dev_stage=anthesis of the first flower;geo_loc_name=Russia: Moscow;tissue=Petal;BioSampleModel=Plant
SRP075604	SRX1795791	SRS1464145	SRR3581688	MAT_FLOWER_PETALS_1-2	MAT_FLOWER_PETALS		RNA-Seq	Illumina HiSeq 2000	SINGLE	23989491	Arabidopsis thaliana	High resolution transcriptomic development map of Arabidopsis thaliana based on RNA-seq	Arabidopsis thaliana Petals of the mature flower Replicate 1	Arabidopsis thaliana Petals of the mature flower	ecotype=Col-0 (CS70000);dev_stage=anthesis of the first flower;geo_loc_name=Russia: Moscow;tissue=Petal;BioSampleModel=Plant
SRP075604	SRX1796777	SRS1464426	SRR3581897	SEN_SILIQUE_1_POD_2-2	SEN_SILIQUE_1_POD		RNA-Seq	Illumina HiSeq 2000	SINGLE	28437902	Arabidopsis thaliana	High resolution transcriptomic development map of Arabidopsis thaliana based on RNA-seq	Arabidopsis thaliana Pod of the senescent silique 1 Replicate 2	Arabidopsis thaliana Pod of the senescent silique 1	ecotype=Col-0 (CS70000);dev_stage=first silique was yellow and ready to open;geo_loc_name=Russia: Moscow;tissue=Pod;BioSampleModel=Plant
SRP075604	SRX1796193	SRS1464426	SRR3581736	SEN_SILIQUE_1_POD_1-2	SEN_SILIQUE_1_POD		RNA-Seq	Illumina HiSeq 2000	SINGLE	23922809	Arabidopsis thaliana	High resolution transcriptomic development map of Arabidopsis thaliana based on RNA-seq	Arabidopsis thaliana Pod of the senescent silique 1 Replicate 1	Arabidopsis thaliana Pod of the senescent silique 1	ecotype=Col-0 (CS70000);dev_stage=first silique was yellow and ready to open;geo_loc_name=Russia: Moscow;tissue=Pod;BioSampleModel=Plant
SRP075604	SRX1796753	SRS1464246	SRR3581873	SILIQUE_1_POD_2-2	SILIQUE_1_POD		RNA-Seq	Illumina HiSeq 2000	SINGLE	31377951	Arabidopsis thaliana	High resolution transcriptomic development map of Arabidopsis thaliana based on RNA-seq	Arabidopsis thaliana Pod of the silique 1 Replicate 2	Arabidopsis thaliana Pod of the silique 1	ecotype=Col-0 (CS70000);dev_stage=first silique is 1-1.5 cm long (abscission of the 8th flower);geo_loc_name=Russia: Moscow;tissue=Pod 1;BioSampleModel=Plant
SRP075604	SRX1795974	SRS1464246	SRR3581707	SILIQUE_1_POD_1-2	SILIQUE_1_POD		RNA-Seq	Illumina HiSeq 2000	SINGLE	30255239	Arabidopsis thaliana	High resolution transcriptomic development map of Arabidopsis thaliana based on RNA-seq	Arabidopsis thaliana Pod of the silique 1 Replicate 1	Arabidopsis thaliana Pod of the silique 1	ecotype=Col-0 (CS70000);dev_stage=first silique is 1-1.5 cm long (abscission of the 8th flower);geo_loc_name=Russia: Moscow;tissue=Pod 1;BioSampleModel=Plant
SRP075604	SRX1796756	SRS1464258	SRR3581876	SILIQUE_3_POD_2-2	SILIQUE_3_POD		RNA-Seq	Illumina HiSeq 2000	SINGLE	34255917	Arabidopsis thaliana	High resolution transcriptomic development map of Arabidopsis thaliana based on RNA-seq	Arabidopsis thaliana Pod of the silique 3 Replicate 2	Arabidopsis thaliana Pod of the silique 3	ecotype=Col-0 (CS70000);dev_stage=first silique is 1-1.5 cm long (abscission of the 8th flower);geo_loc_name=Russia: Moscow;tissue=Pod 3;BioSampleModel=Plant
SRP075604	SRX1795987	SRS1464258	SRR3581710	SILIQUE_3_POD_1-2	SILIQUE_3_POD		RNA-Seq	Illumina HiSeq 2000	SINGLE	32012167	Arabidopsis thaliana	High resolution transcriptomic development map of Arabidopsis thaliana based on RNA-seq	Arabidopsis thaliana Pod of the silique 3 Replicate 1	Arabidopsis thaliana Pod of the silique 3	ecotype=Col-0 (CS70000);dev_stage=first silique is 1-1.5 cm long (abscission of the 8th flower);geo_loc_name=Russia: Moscow;tissue=Pod 3;BioSampleModel=Plant
SRP075604	SRX1796759	SRS1464268	SRR3581879	SILIQUE_5_POD_2-2	SILIQUE_5_POD		RNA-Seq	Illumina HiSeq 2000	SINGLE	29172477	Arabidopsis thaliana	High resolution transcriptomic development map of Arabidopsis thaliana based on RNA-seq	Arabidopsis thaliana Pod of the silique 5 Replicate 2	Arabidopsis thaliana Pod of the silique 5	ecotype=Col-0 (CS70000);dev_stage=first silique is 1-1.5 cm long (abscission of the 8th flower);geo_loc_name=Russia: Moscow;tissue=Pod 5;BioSampleModel=Plant
SRP075604	SRX1795997	SRS1464268	SRR3581713	SILIQUE_5_POD_1-2	SILIQUE_5_POD		RNA-Seq	Illumina HiSeq 2000	SINGLE	27915428	Arabidopsis thaliana	High resolution transcriptomic development map of Arabidopsis thaliana based on RNA-seq	Arabidopsis thaliana Pod of the silique 5 Replicate 1	Arabidopsis thaliana Pod of the silique 5	ecotype=Col-0 (CS70000);dev_stage=first silique is 1-1.5 cm long (abscission of the 8th flower);geo_loc_name=Russia: Moscow;tissue=Pod 5;BioSampleModel=Plant
SRP075604	SRX1796762	SRS1464289	SRR3581882	SILIQUE_7_POD_2-2	SILIQUE_7_POD		RNA-Seq	Illumina HiSeq 2000	SINGLE	27032146	Arabidopsis thaliana	High resolution transcriptomic development map of Arabidopsis thaliana based on RNA-seq	Arabidopsis thaliana Pod of the silique 7 Replicate 2	Arabidopsis thaliana Pod of the silique 7	ecotype=Col-0 (CS70000);dev_stage=first silique is 1-1.5 cm long (abscission of the 8th flower);geo_loc_name=Russia: Moscow;tissue=Pod 7;BioSampleModel=Plant
SRP075604	SRX1796018	SRS1464289	SRR3581716	SILIQUE_7_POD_1-2	SILIQUE_7_POD		RNA-Seq	Illumina HiSeq 2000	SINGLE	31230858	Arabidopsis thaliana	High resolution transcriptomic development map of Arabidopsis thaliana based on RNA-seq	Arabidopsis thaliana Pod of the silique 7 Replicate 1	Arabidopsis thaliana Pod of the silique 7	ecotype=Col-0 (CS70000);dev_stage=first silique is 1-1.5 cm long (abscission of the 8th flower);geo_loc_name=Russia: Moscow;tissue=Pod 7;BioSampleModel=Plant
SRP075604	SRX1796776	SRS1464421	SRR3581896	SEN_SILIQUE_1_SEEDS_2-2	SEN_SILIQUE_1_SEEDS		RNA-Seq	Illumina HiSeq 2000	SINGLE	32421241	Arabidopsis thaliana	High resolution transcriptomic development map of Arabidopsis thaliana based on RNA-seq	Arabidopsis thaliana Seeds from the senescent silique 1 Replicate 2	Arabidopsis thaliana Seeds from the senescent silique 1	ecotype=Col-0 (CS70000);dev_stage=first silique was yellow and ready to open;geo_loc_name=Russia: Moscow;tissue=Seed;BioSampleModel=Plant
SRP075604	SRX1796188	SRS1464421	SRR3581735	SEN_SILIQUE_1_SEEDS_1-2	SEN_SILIQUE_1_SEEDS		RNA-Seq	Illumina HiSeq 2000	SINGLE	55799976	Arabidopsis thaliana	High resolution transcriptomic development map of Arabidopsis thaliana based on RNA-seq	Arabidopsis thaliana Seeds from the senescent silique 1 Replicate 1	Arabidopsis thaliana Seeds from the senescent silique 1	ecotype=Col-0 (CS70000);dev_stage=first silique was yellow and ready to open;geo_loc_name=Russia: Moscow;tissue=Seed;BioSampleModel=Plant
SRP075604	SRX1796752	SRS1464245	SRR3581872	SEEDS_1_2-2	SEEDS_1		RNA-Seq	Illumina HiSeq 2000	SINGLE	30273141	Arabidopsis thaliana	High resolution transcriptomic development map of Arabidopsis thaliana based on RNA-seq	Arabidopsis thaliana Seeds 1 Replicate 2	Arabidopsis thaliana Seeds 1	ecotype=Col-0 (CS70000);dev_stage=first silique is 1-1.5 cm long (abscission of the 8th flower);geo_loc_name=Russia: Moscow;tissue=Seed 1;BioSampleModel=Plant
SRP075604	SRX1795973	SRS1464245	SRR3581706	SEEDS_1_1-2	SEEDS_1		RNA-Seq	Illumina HiSeq 2000	SINGLE	33496354	Arabidopsis thaliana	High resolution transcriptomic development map of Arabidopsis thaliana based on RNA-seq	Arabidopsis thaliana Seeds 1 Replicate 1	Arabidopsis thaliana Seeds 1	ecotype=Col-0 (CS70000);dev_stage=first silique is 1-1.5 cm long (abscission of the 8th flower);geo_loc_name=Russia: Moscow;tissue=Seed 1;BioSampleModel=Plant
SRP075604	SRX1796755	SRS1464251	SRR3581875	SEEDS_3_2-2	SEEDS_3		RNA-Seq	Illumina HiSeq 2000	SINGLE	39525451	Arabidopsis thaliana	High resolution transcriptomic development map of Arabidopsis thaliana based on RNA-seq	Arabidopsis thaliana Seeds 3 Replicate 2	Arabidopsis thaliana Seeds 3	ecotype=Col-0 (CS70000);dev_stage=first silique is 1-1.5 cm long (abscission of the 8th flower);geo_loc_name=Russia: Moscow;tissue=Seed 3;BioSampleModel=Plant
SRP075604	SRX1795980	SRS1464251	SRR3581709	SEEDS_3_1-2	SEEDS_3		RNA-Seq	Illumina HiSeq 2000	SINGLE	32319064	Arabidopsis thaliana	High resolution transcriptomic development map of Arabidopsis thaliana based on RNA-seq	Arabidopsis thaliana Seeds 3 Replicate 1	Arabidopsis thaliana Seeds 3	ecotype=Col-0 (CS70000);dev_stage=first silique is 1-1.5 cm long (abscission of the 8th flower);geo_loc_name=Russia: Moscow;tissue=Seed 3;BioSampleModel=Plant
SRP075604	SRX1796758	SRS1464267	SRR3581878	SEEDS_5_2-2	SEEDS_5		RNA-Seq	Illumina HiSeq 2000	SINGLE	34050503	Arabidopsis thaliana	High resolution transcriptomic development map of Arabidopsis thaliana based on RNA-seq	Arabidopsis thaliana Seeds 5 Replicate 2	Arabidopsis thaliana Seeds 5	ecotype=Col-0 (CS70000);dev_stage=first silique is 1-1.5 cm long (abscission of the 8th flower);geo_loc_name=Russia: Moscow;tissue=Seed 5;BioSampleModel=Plant
SRP075604	SRX1795996	SRS1464267	SRR3581712	SEEDS_5_1-2	SEEDS_5		RNA-Seq	Illumina HiSeq 2000	SINGLE	35342896	Arabidopsis thaliana	High resolution transcriptomic development map of Arabidopsis thaliana based on RNA-seq	Arabidopsis thaliana Seeds 5 Replicate 1	Arabidopsis thaliana Seeds 5	ecotype=Col-0 (CS70000);dev_stage=first silique is 1-1.5 cm long (abscission of the 8th flower);geo_loc_name=Russia: Moscow;tissue=Seed 5;BioSampleModel=Plant
SRP075604	SRX1796761	SRS1464275	SRR3581881	SEEDS_7_2-2	SEEDS_7		RNA-Seq	Illumina HiSeq 2000	SINGLE	33873818	Arabidopsis thaliana	High resolution transcriptomic development map of Arabidopsis thaliana based on RNA-seq	Arabidopsis thaliana Seeds 7 Replicate 2	Arabidopsis thaliana Seeds 7	ecotype=Col-0 (CS70000);dev_stage=first silique is 1-1.5 cm long (abscission of the 8th flower);geo_loc_name=Russia: Moscow;tissue=Seed 7;BioSampleModel=Plant
SRP075604	SRX1796004	SRS1464275	SRR3581715	SEEDS_7_1-2	SEEDS_7		RNA-Seq	Illumina HiSeq 2000	SINGLE	36358952	Arabidopsis thaliana	High resolution transcriptomic development map of Arabidopsis thaliana based on RNA-seq	Arabidopsis thaliana Seeds 7 Replicate 1	Arabidopsis thaliana Seeds 7	ecotype=Col-0 (CS70000);dev_stage=first silique is 1-1.5 cm long (abscission of the 8th flower);geo_loc_name=Russia: Moscow;tissue=Seed 7;BioSampleModel=Plant
SRP075604	SRX1796735	SRS1464146	SRR3581855	MAT_FLOWER_SEPALS_2-2	MAT_FLOWER_SEPALS		RNA-Seq	Illumina HiSeq 2000	SINGLE	26724325	Arabidopsis thaliana	High resolution transcriptomic development map of Arabidopsis thaliana based on RNA-seq	Arabidopsis thaliana Sepals of the mature flower Replicate 2	Arabidopsis thaliana Sepals of the mature flower	ecotype=Col-0 (CS70000);dev_stage=anthesis of the first flower;geo_loc_name=Russia: Moscow;tissue=Sepal;BioSampleModel=Plant
SRP075604	SRX1795803	SRS1464146	SRR3581689	MAT_FLOWER_SEPALS_1-2	MAT_FLOWER_SEPALS		RNA-Seq	Illumina HiSeq 2000	SINGLE	23765968	Arabidopsis thaliana	High resolution transcriptomic development map of Arabidopsis thaliana based on RNA-seq	Arabidopsis thaliana Sepals of the mature flower Replicate 1	Arabidopsis thaliana Sepals of the mature flower	ecotype=Col-0 (CS70000);dev_stage=anthesis of the first flower;geo_loc_name=Russia: Moscow;tissue=Sepal;BioSampleModel=Plant
SRP075604	SRX1796738	SRS1464149	SRR3581858	YNG_FLOWER_SEPALS_2-2	YNG_FLOWER_SEPALS		RNA-Seq	Illumina HiSeq 2000	SINGLE	22974555	Arabidopsis thaliana	High resolution transcriptomic development map of Arabidopsis thaliana based on RNA-seq	Arabidopsis thaliana Sepals of the young flower Replicate 2	Arabidopsis thaliana Sepals of the young flower	ecotype=Col-0 (CS70000);dev_stage=stage 9;geo_loc_name=Russia: Moscow;tissue=Young sepal;BioSampleModel=Plant
SRP075604	SRX1795837	SRS1464149	SRR3581692	YNG_FLOWER_SEPALS_1-2	YNG_FLOWER_SEPALS		RNA-Seq	Illumina HiSeq 2000	SINGLE	24982868	Arabidopsis thaliana	High resolution transcriptomic development map of Arabidopsis thaliana based on RNA-seq	Arabidopsis thaliana Sepals of the young flower Replicate 1	Arabidopsis thaliana Sepals of the young flower	ecotype=Col-0 (CS70000);dev_stage=stage 9;geo_loc_name=Russia: Moscow;tissue=Young sepal;BioSampleModel=Plant
SRP075604	SRX1796748	SRS1464230	SRR3581868	FLOWERS_19+_2-2	FLOWERS_19+		RNA-Seq	Illumina HiSeq 1500	SINGLE	25907952	Arabidopsis thaliana	High resolution transcriptomic development map of Arabidopsis thaliana based on RNA-seq	Arabidopsis thaliana Flowers 19 and following Replicate 2	Arabidopsis thaliana Flowers 19 and following	ecotype=Col-0 (CS70000);dev_stage=anthesis of the first flower;geo_loc_name=Russia: Moscow;tissue=Inflorescence;BioSampleModel=Plant
SRP075604	SRX1795958	SRS1464230	SRR3581702	FLOWERS_19+_1-2	FLOWERS_19+		RNA-Seq	Illumina HiSeq 2000	SINGLE	25449614	Arabidopsis thaliana	High resolution transcriptomic development map of Arabidopsis thaliana based on RNA-seq	Arabidopsis thaliana Flowers 19 and following Replicate 1	Arabidopsis thaliana Flowers 19 and following	ecotype=Col-0 (CS70000);dev_stage=anthesis of the first flower;geo_loc_name=Russia: Moscow;tissue=Inflorescence;BioSampleModel=Plant
SRP075604	SRX1796744	SRS1464224	SRR3581864	FLOWERS_6-8_2-2	FLOWERS_6-8		RNA-Seq	Illumina HiSeq 2000	SINGLE	22800172	Arabidopsis thaliana	High resolution transcriptomic development map of Arabidopsis thaliana based on RNA-seq	Arabidopsis thaliana Flowers 6-8 Replicate 2	Arabidopsis thaliana Flowers 6-8	ecotype=Col-0 (CS70000);dev_stage=anthesis of the first flower;geo_loc_name=Russia: Moscow;tissue=Flower 6-8;BioSampleModel=Plant
SRP075604	SRX1795952	SRS1464224	SRR3581698	FLOWERS_6-8_1-2	FLOWERS_6-8		RNA-Seq	Illumina HiSeq 2000	SINGLE	24764437	Arabidopsis thaliana	High resolution transcriptomic development map of Arabidopsis thaliana based on RNA-seq	Arabidopsis thaliana Flowers 6-8 Replicate 1	Arabidopsis thaliana Flowers 6-8	ecotype=Col-0 (CS70000);dev_stage=anthesis of the first flower;geo_loc_name=Russia: Moscow;tissue=Flower 6-8;BioSampleModel=Plant
SRP075604	SRX1796745	SRS1464225	SRR3581865	FLOWERS_9-11_2-2	FLOWERS_9-11		RNA-Seq	Illumina HiSeq 2000	SINGLE	26980183	Arabidopsis thaliana	High resolution transcriptomic development map of Arabidopsis thaliana based on RNA-seq	Arabidopsis thaliana Flowers 9-11 Replicate 2	Arabidopsis thaliana Flowers 9-11	ecotype=Col-0 (CS70000);dev_stage=anthesis of the first flower;geo_loc_name=Russia: Moscow;tissue=Flower 9-11;BioSampleModel=Plant
SRP075604	SRX1795953	SRS1464225	SRR3581699	FLOWERS_9-11_1-2	FLOWERS_9-11		RNA-Seq	Illumina HiSeq 2000	SINGLE	27036642	Arabidopsis thaliana	High resolution transcriptomic development map of Arabidopsis thaliana based on RNA-seq	Arabidopsis thaliana Flowers 9-11 Replicate 1	Arabidopsis thaliana Flowers 9-11	ecotype=Col-0 (CS70000);dev_stage=anthesis of the first flower;geo_loc_name=Russia: Moscow;tissue=Flower 9-11;BioSampleModel=Plant
SRP075604	SRX1796746	SRS1464226	SRR3581866	FLOWERS_12-14_2-2	FLOWERS_12-14		RNA-Seq	Illumina HiSeq 2000	SINGLE	25081651	Arabidopsis thaliana	High resolution transcriptomic development map of Arabidopsis thaliana based on RNA-seq	Arabidopsis thaliana Flowers 12-14 Replicate 2	Arabidopsis thaliana Flowers 12-14	ecotype=Col-0 (CS70000);dev_stage=anthesis of the first flower;geo_loc_name=Russia: Moscow;tissue=Flower 12-14;BioSampleModel=Plant
SRP075604	SRX1795955	SRS1464226	SRR3581700	FLOWERS_12-14_1-2	FLOWERS_12-14		RNA-Seq	Illumina HiSeq 2000	SINGLE	27220444	Arabidopsis thaliana	High resolution transcriptomic development map of Arabidopsis thaliana based on RNA-seq	Arabidopsis thaliana Flowers 12-14 Replicate 1	Arabidopsis thaliana Flowers 12-14	ecotype=Col-0 (CS70000);dev_stage=anthesis of the first flower;geo_loc_name=Russia: Moscow;tissue=Flower 12-14;BioSampleModel=Plant
SRP075604	SRX1796747	SRS1464228	SRR3581867	FLOWERS_15-18_2-2	FLOWERS_15-18		RNA-Seq	Illumina HiSeq 2000	SINGLE	23084718	Arabidopsis thaliana	High resolution transcriptomic development map of Arabidopsis thaliana based on RNA-seq	Arabidopsis thaliana Flowers 15-18 Replicate 2	Arabidopsis thaliana Flowers 15-18	ecotype=Col-0 (CS70000);dev_stage=anthesis of the first flower;geo_loc_name=Russia: Moscow;tissue=Flower 15-18;BioSampleModel=Plant
SRP075604	SRX1795956	SRS1464228	SRR3581701	FLOWERS_15-18_1-2	FLOWERS_15-18		RNA-Seq	Illumina HiSeq 2000	SINGLE	29278619	Arabidopsis thaliana	High resolution transcriptomic development map of Arabidopsis thaliana based on RNA-seq	Arabidopsis thaliana Flowers 15-18 Replicate 1	Arabidopsis thaliana Flowers 15-18	ecotype=Col-0 (CS70000);dev_stage=anthesis of the first flower;geo_loc_name=Russia: Moscow;tissue=Flower 15-18;BioSampleModel=Plant
SRP075604	SRX1796779	SRS1464432	SRR3581899	SEN_INTERNODE_2-2	SEN_INTERNODE		RNA-Seq	Illumina HiSeq 2000	SINGLE	31153367	Arabidopsis thaliana	High resolution transcriptomic development map of Arabidopsis thaliana based on RNA-seq	Arabidopsis thaliana Senescent internode Replicate 2	Arabidopsis thaliana Senescent internode	ecotype=Col-0 (CS70000);dev_stage=first silique was yellow and ready to open;geo_loc_name=Russia: Moscow;tissue=Internode;BioSampleModel=Plant
SRP075604	SRX1796199	SRS1464432	SRR3581738	SEN_INTERNODE_1-2	SEN_INTERNODE		RNA-Seq	Illumina HiSeq 2000	SINGLE	27479913	Arabidopsis thaliana	High resolution transcriptomic development map of Arabidopsis thaliana based on RNA-seq	Arabidopsis thaliana Senescent internode Replicate 1	Arabidopsis thaliana Senescent internode	ecotype=Col-0 (CS70000);dev_stage=first silique was yellow and ready to open;geo_loc_name=Russia: Moscow;tissue=Internode;BioSampleModel=Plant
SRP075604	SRX1796778	SRS1464429	SRR3581898	SEN_SILIQUE_2_2-2	SEN_SILIQUE_2		RNA-Seq	Illumina HiSeq 2000	SINGLE	27101453	Arabidopsis thaliana	High resolution transcriptomic development map of Arabidopsis thaliana based on RNA-seq	Arabidopsis thaliana Senescent silique 2 Replicate 2	Arabidopsis thaliana Senescent silique 2	ecotype=Col-0 (CS70000);dev_stage=first silique was yellow and ready to open;geo_loc_name=Russia: Moscow;tissue=Silique;BioSampleModel=Plant
SRP075604	SRX1796196	SRS1464429	SRR3581737	SEN_SILIQUE_2_1-2	SEN_SILIQUE_2		RNA-Seq	Illumina HiSeq 2000	SINGLE	25629144	Arabidopsis thaliana	High resolution transcriptomic development map of Arabidopsis thaliana based on RNA-seq	Arabidopsis thaliana Senescent silique 2 Replicate 1	Arabidopsis thaliana Senescent silique 2	ecotype=Col-0 (CS70000);dev_stage=first silique was yellow and ready to open;geo_loc_name=Russia: Moscow;tissue=Silique;BioSampleModel=Plant
SRP075604	SRX1796739	SRS1464150	SRR3581859	FLOWER_1_2-2	FLOWER_1		RNA-Seq	Illumina HiSeq 2000	SINGLE	25006134	Arabidopsis thaliana	High resolution transcriptomic development map of Arabidopsis thaliana based on RNA-seq	Arabidopsis thaliana Flower 1 Replicate 2	Arabidopsis thaliana Flower 1	ecotype=Col-0 (CS70000);dev_stage=anthesis of the first flower;geo_loc_name=Russia: Moscow;tissue=Flower 1;BioSampleModel=Plant
SRP075604	SRX1795852	SRS1464150	SRR3581693	FLOWER_1_1-2	FLOWER_1		RNA-Seq	Illumina HiSeq 2000	SINGLE	26478336	Arabidopsis thaliana	High resolution transcriptomic development map of Arabidopsis thaliana based on RNA-seq	Arabidopsis thaliana Flower 1 Replicate 1	Arabidopsis thaliana Flower 1	ecotype=Col-0 (CS70000);dev_stage=anthesis of the first flower;geo_loc_name=Russia: Moscow;tissue=Flower 1;BioSampleModel=Plant
SRP075604	SRX1796740	SRS1464151	SRR3581860	FLOWER_2_2-2	FLOWER_2		RNA-Seq	Illumina HiSeq 2000	SINGLE	25683398	Arabidopsis thaliana	High resolution transcriptomic development map of Arabidopsis thaliana based on RNA-seq	Arabidopsis thaliana Flower 2 Replicate 2	Arabidopsis thaliana Flower 2	ecotype=Col-0 (CS70000);dev_stage=anthesis of the first flower;geo_loc_name=Russia: Moscow;tissue=Flower 2;BioSampleModel=Plant
SRP075604	SRX1795861	SRS1464151	SRR3581694	FLOWER_2_1-2	FLOWER_2		RNA-Seq	Illumina HiSeq 2000	SINGLE	23804000	Arabidopsis thaliana	High resolution transcriptomic development map of Arabidopsis thaliana based on RNA-seq	Arabidopsis thaliana Flower 2 Replicate 1	Arabidopsis thaliana Flower 2	ecotype=Col-0 (CS70000);dev_stage=anthesis of the first flower;geo_loc_name=Russia: Moscow;tissue=Flower 2;BioSampleModel=Plant
SRP075604	SRX1796741	SRS1464152	SRR3581861	FLOWER_3_2-2	FLOWER_3		RNA-Seq	Illumina HiSeq 2000	SINGLE	25770439	Arabidopsis thaliana	High resolution transcriptomic development map of Arabidopsis thaliana based on RNA-seq	Arabidopsis thaliana Flower 3 Replicate 2	Arabidopsis thaliana Flower 3	ecotype=Col-0 (CS70000);dev_stage=anthesis of the first flower;geo_loc_name=Russia: Moscow;tissue=Flower 3;BioSampleModel=Plant
SRP075604	SRX1795871	SRS1464152	SRR3581695	FLOWER_3_1-2	FLOWER_3		RNA-Seq	Illumina HiSeq 2000	SINGLE	26110725	Arabidopsis thaliana	High resolution transcriptomic development map of Arabidopsis thaliana based on RNA-seq	Arabidopsis thaliana Flower 3 Replicate 1	Arabidopsis thaliana Flower 3	ecotype=Col-0 (CS70000);dev_stage=anthesis of the first flower;geo_loc_name=Russia: Moscow;tissue=Flower 3;BioSampleModel=Plant
SRP075604	SRX1796742	SRS1464153	SRR3581862	FLOWER_4_2-2	FLOWER_4		RNA-Seq	Illumina HiSeq 2000	SINGLE	24209991	Arabidopsis thaliana	High resolution transcriptomic development map of Arabidopsis thaliana based on RNA-seq	Arabidopsis thaliana Flower 4 Replicate 2	Arabidopsis thaliana Flower 4	ecotype=Col-0 (CS70000);dev_stage=anthesis of the first flower;geo_loc_name=Russia: Moscow;tissue=Flower 4;BioSampleModel=Plant
SRP075604	SRX1795883	SRS1464153	SRR3581696	FLOWER_4_1-2	FLOWER_4		RNA-Seq	Illumina HiSeq 2000	SINGLE	22742417	Arabidopsis thaliana	High resolution transcriptomic development map of Arabidopsis thaliana based on RNA-seq	Arabidopsis thaliana Flower 4 Replicate 1	Arabidopsis thaliana Flower 4	ecotype=Col-0 (CS70000);dev_stage=anthesis of the first flower;geo_loc_name=Russia: Moscow;tissue=Flower 4;BioSampleModel=Plant
SRP075604	SRX1796743	SRS1464210	SRR3581863	FLOWER_5_2-2	FLOWER_5		RNA-Seq	Illumina HiSeq 2000	SINGLE	27000035	Arabidopsis thaliana	High resolution transcriptomic development map of Arabidopsis thaliana based on RNA-seq	Arabidopsis thaliana Flower 5 Replicate 2	Arabidopsis thaliana Flower 5	ecotype=Col-0 (CS70000);dev_stage=anthesis of the first flower;geo_loc_name=Russia: Moscow;tissue=Flower 5;BioSampleModel=Plant
SRP075604	SRX1795938	SRS1464210	SRR3581697	FLOWER_5_1-2	FLOWER_5		RNA-Seq	Illumina HiSeq 2000	SINGLE	24164042	Arabidopsis thaliana	High resolution transcriptomic development map of Arabidopsis thaliana based on RNA-seq	Arabidopsis thaliana Flower 5 Replicate 1	Arabidopsis thaliana Flower 5	ecotype=Col-0 (CS70000);dev_stage=anthesis of the first flower;geo_loc_name=Russia: Moscow;tissue=Flower 5;BioSampleModel=Plant
SRP075604	SRX1796751	SRS1464243	SRR3581871	INTERNODE_2-2	INTERNODE		RNA-Seq	Illumina HiSeq 2000	SINGLE	23678087	Arabidopsis thaliana	High resolution transcriptomic development map of Arabidopsis thaliana based on RNA-seq	Arabidopsis thaliana Internode Replicate 2	Arabidopsis thaliana Internode	ecotype=Col-0 (CS70000);dev_stage=anthesis of the first flower;geo_loc_name=Russia: Moscow;tissue=Internode;BioSampleModel=Plant
SRP075604	SRX1795972	SRS1464243	SRR3581705	INTERNODE_1-2	INTERNODE		RNA-Seq	Illumina HiSeq 2000	SINGLE	24020644	Arabidopsis thaliana	High resolution transcriptomic development map of Arabidopsis thaliana based on RNA-seq	Arabidopsis thaliana Internode Replicate 1	Arabidopsis thaliana Internode	ecotype=Col-0 (CS70000);dev_stage=anthesis of the first flower;geo_loc_name=Russia: Moscow;tissue=Internode;BioSampleModel=Plant
SRP075604	SRX1796754	SRS1464248	SRR3581874	SILIQUE_2_2-2	SILIQUE_2		RNA-Seq	Illumina HiSeq 2000	SINGLE	36001924	Arabidopsis thaliana	High resolution transcriptomic development map of Arabidopsis thaliana based on RNA-seq	Arabidopsis thaliana Silique 2 Replicate 2	Arabidopsis thaliana Silique 2	ecotype=Col-0 (CS70000);dev_stage=first silique is 1-1.5 cm long (abscission of the 8th flower);geo_loc_name=Russia: Moscow;tissue=Silique 2;BioSampleModel=Plant
SRP075604	SRX1795976	SRS1464248	SRR3581708	SILIQUE_2_1-2	SILIQUE_2		RNA-Seq	Illumina HiSeq 2000	SINGLE	29934960	Arabidopsis thaliana	High resolution transcriptomic development map of Arabidopsis thaliana based on RNA-seq	Arabidopsis thaliana Silique 2 Replicate 1	Arabidopsis thaliana Silique 2	ecotype=Col-0 (CS70000);dev_stage=first silique is 1-1.5 cm long (abscission of the 8th flower);geo_loc_name=Russia: Moscow;tissue=Silique 2;BioSampleModel=Plant
SRP075604	SRX1796757	SRS1464265	SRR3581877	SILIQUE_4_2-2	SILIQUE_4		RNA-Seq	Illumina HiSeq 2000	SINGLE	26095216	Arabidopsis thaliana	High resolution transcriptomic development map of Arabidopsis thaliana based on RNA-seq	Arabidopsis thaliana Silique 4 Replicate 2	Arabidopsis thaliana Silique 4	ecotype=Col-0 (CS70000);dev_stage=first silique is 1-1.5 cm long (abscission of the 8th flower);geo_loc_name=Russia: Moscow;tissue=Silique 4;BioSampleModel=Plant
SRP075604	SRX1795994	SRS1464265	SRR3581711	SILIQUE_4_1-2	SILIQUE_4		RNA-Seq	Illumina HiSeq 2000	SINGLE	28536850	Arabidopsis thaliana	High resolution transcriptomic development map of Arabidopsis thaliana based on RNA-seq	Arabidopsis thaliana Silique 4 Replicate 1	Arabidopsis thaliana Silique 4	ecotype=Col-0 (CS70000);dev_stage=first silique is 1-1.5 cm long (abscission of the 8th flower);geo_loc_name=Russia: Moscow;tissue=Silique 4;BioSampleModel=Plant
SRP075604	SRX1796760	SRS1464269	SRR3581880	SILIQUE_6_2-2	SILIQUE_6		RNA-Seq	Illumina HiSeq 2000	SINGLE	30613183	Arabidopsis thaliana	High resolution transcriptomic development map of Arabidopsis thaliana based on RNA-seq	Arabidopsis thaliana Silique 6 Replicate 2	Arabidopsis thaliana Silique 6	ecotype=Col-0 (CS70000);dev_stage=first silique is 1-1.5 cm long (abscission of the 8th flower);geo_loc_name=Russia: Moscow;tissue=Silique 6;BioSampleModel=Plant
SRP075604	SRX1795998	SRS1464269	SRR3581714	SILIQUE_6_1-2	SILIQUE_6		RNA-Seq	Illumina HiSeq 2000	SINGLE	28165339	Arabidopsis thaliana	High resolution transcriptomic development map of Arabidopsis thaliana based on RNA-seq	Arabidopsis thaliana Silique 6 Replicate 1	Arabidopsis thaliana Silique 6	ecotype=Col-0 (CS70000);dev_stage=first silique is 1-1.5 cm long (abscission of the 8th flower);geo_loc_name=Russia: Moscow;tissue=Silique 6;BioSampleModel=Plant
SRP075604	SRX1796763	SRS1464301	SRR3581883	SILIQUE_8_2-2	SILIQUE_8		RNA-Seq	Illumina HiSeq 2000	SINGLE	32037525	Arabidopsis thaliana	High resolution transcriptomic development map of Arabidopsis thaliana based on RNA-seq	Arabidopsis thaliana Silique 8 Replicate 2	Arabidopsis thaliana Silique 8	ecotype=Col-0 (CS70000);dev_stage=first silique is 1-1.5 cm long (abscission of the 8th flower);geo_loc_name=Russia: Moscow;tissue=Silique 8;BioSampleModel=Plant
SRP075604	SRX1796030	SRS1464301	SRR3581717	SILIQUE_8_1-2	SILIQUE_8		RNA-Seq	Illumina HiSeq 2000	SINGLE	30873096	Arabidopsis thaliana	High resolution transcriptomic development map of Arabidopsis thaliana based on RNA-seq	Arabidopsis thaliana Silique 8 Replicate 1	Arabidopsis thaliana Silique 8	ecotype=Col-0 (CS70000);dev_stage=first silique is 1-1.5 cm long (abscission of the 8th flower);geo_loc_name=Russia: Moscow;tissue=Silique 8;BioSampleModel=Plant
SRP075604	SRX1796718	SRS1464133	SRR3581852	MAT_UNOPEN_FLOWER_ANTHER_1-1	MAT_UNOPEN_FLOWER_ANTHER		RNA-Seq	Illumina HiSeq 2000	SINGLE	23641476	Arabidopsis thaliana	High resolution transcriptomic development map of Arabidopsis thaliana based on RNA-seq	Anthers of the mature flower (F.AN.ad) Replicate 2	Arabidopsis thaliana Anthers of the mature flower (before opening)	ecotype=Col-0 (CS70000);dev_stage=anthesis of the first flower;geo_loc_name=Russia: Moscow;tissue=Anther before opening;BioSampleModel=Plant
SRP075604	SRX1796256	SRS1464021	SRR3581834	SEEDLING_ROOT_2-2	SEEDLING_ROOT		RNA-Seq	Illumina HiSeq 2000	SINGLE	25681023	Arabidopsis thaliana	High resolution transcriptomic development map of Arabidopsis thaliana based on RNA-seq	Arabidopsis thaliana Seedling Root Replicate 2	Arabidopsis thaliana Seedling Root	ecotype=Col-0 (CS70000);age=1 day;geo_loc_name=Russia: Moscow;tissue=Root;BioSampleModel=Plant
SRP075604	SRX1795652	SRS1464021	SRR3581347	SEEDLING_ROOT_1-2	SEEDLING_ROOT		RNA-Seq	Illumina HiSeq 2000	SINGLE	24136620	Arabidopsis thaliana	High resolution transcriptomic development map of Arabidopsis thaliana based on RNA-seq	Arabidopsis thaliana Seedling Root Replicate 1	Arabidopsis thaliana Seedling Root	ecotype=Col-0 (CS70000);age=1 day;geo_loc_name=Russia: Moscow;tissue=Root;BioSampleModel=Plant
SRP075604	SRX1796254	SRS1464017	SRR3581833	SEEDLINE_COTYLEDON_2-2	SEEDLINE_COTYLEDON		RNA-Seq	Illumina HiSeq 2000	SINGLE	24707254	Arabidopsis thaliana	High resolution transcriptomic development map of Arabidopsis thaliana based on RNA-seq	Arabidopsis thaliana Seedling Cotyledons Replicate 2	Arabidopsis thaliana Seedling Cotyledons	ecotype=Col-0 (CS70000);age=1 day;geo_loc_name=Russia: Moscow;tissue=Cotyledon;BioSampleModel=Plant
SRP075604	SRX1795648	SRS1464017	SRR3581345	SEEDLINE_COTYLEDON_1-2	SEEDLINE_COTYLEDON		RNA-Seq	Illumina HiSeq 2000	SINGLE	24442988	Arabidopsis thaliana	High resolution transcriptomic development map of Arabidopsis thaliana based on RNA-seq	Arabidopsis thaliana Seedling Cotyledons Replicate 1	Arabidopsis thaliana Seedling Cotyledons	ecotype=Col-0 (CS70000);age=1 day;geo_loc_name=Russia: Moscow;tissue=Cotyledon;BioSampleModel=Plant
SRP075604	SRX1796252	SRS1464009	SRR3581740	SEEDLING_HYPOCOTYL_2-2	SEEDLING_HYPOCOTYL		RNA-Seq	Illumina HiSeq 2000	SINGLE	25939856	Arabidopsis thaliana	High resolution transcriptomic development map of Arabidopsis thaliana based on RNA-seq	Arabidopsis thaliana Seedling Hypocotyl Replicate 2	Arabidopsis thaliana Seedling Hypocotyl	ecotype=Col-0 (CS70000);age=1 day;geo_loc_name=Russia: Moscow;tissue=Hypocotyl;BioSampleModel=Plant
SRP075604	SRX1795639	SRS1464009	SRR3581336	SEEDLING_HYPOCOTYL_1-2	SEEDLING_HYPOCOTYL		RNA-Seq	Illumina HiSeq 2000	SINGLE	24701397	Arabidopsis thaliana	High resolution transcriptomic development map of Arabidopsis thaliana based on RNA-seq	Arabidopsis thaliana Seedling Hypocotyl Replicate 1	Arabidopsis thaliana Seedling Hypocotyl	ecotype=Col-0 (CS70000);age=1 day;geo_loc_name=Russia: Moscow;tissue=Hypocotyl;BioSampleModel=Plant
SRP075604	SRX1796253	SRS1464010	SRR3581831	SEEDLING_MERISTEM_2-2	SEEDLING_MERISTEM		RNA-Seq	Illumina HiSeq 2000	SINGLE	47892406	Arabidopsis thaliana	High resolution transcriptomic development map of Arabidopsis thaliana based on RNA-seq	Arabidopsis thaliana Seedling Meristem Replicate 2	Arabidopsis thaliana Seedling Meristem	ecotype=Col-0 (CS70000);age=1 day;geo_loc_name=Russia: Moscow;tissue=Shoot apical meristem;BioSampleModel=Plant
SRP075604	SRX1795641	SRS1464010	SRR3581346	SEEDLING_MERISTEM_1-2	SEEDLING_MERISTEM		RNA-Seq	Illumina HiSeq 2000	SINGLE	43514556	Arabidopsis thaliana	High resolution transcriptomic development map of Arabidopsis thaliana based on RNA-seq	Arabidopsis thaliana Seedling Meristem Replicate 1	Arabidopsis thaliana Seedling Meristem	ecotype=Col-0 (CS70000);age=1 day;geo_loc_name=Russia: Moscow;tissue=Shoot apical meristem;BioSampleModel=Plant
SRP075604	SRX1796770	SRS1464401	SRR3581890	STIGMATIC_TISSUE_2-2	STIGMATIC_TISSUE		RNA-Seq	Illumina HiSeq 2000	SINGLE	29323393	Arabidopsis thaliana	High resolution transcriptomic development map of Arabidopsis thaliana based on RNA-seq	Arabidopsis thaliana Stigmatic tissue Replicate 2	Arabidopsis thaliana Stigmatic tissue	ecotype=Col-0 (CS70000);dev_stage=abscission of the first flower;geo_loc_name=Russia: Moscow;tissue=Stigma;BioSampleModel=Plant
SRP075604	SRX1796146	SRS1464401	SRR3581728	STIGMATIC_TISSUE_1-2	STIGMATIC_TISSUE		RNA-Seq	Illumina HiSeq 2000	SINGLE	32241806	Arabidopsis thaliana	High resolution transcriptomic development map of Arabidopsis thaliana based on RNA-seq	Arabidopsis thaliana Stigmatic tissue Replicate 1	Arabidopsis thaliana Stigmatic tissue	ecotype=Col-0 (CS70000);dev_stage=abscission of the first flower;geo_loc_name=Russia: Moscow;tissue=Stigma;BioSampleModel=Plant
SRP075604	SRX1796749	SRS1464233	SRR3581869	PEDICEL_2-2	PEDICEL		RNA-Seq	Illumina HiSeq 2000	SINGLE	32365293	Arabidopsis thaliana	High resolution transcriptomic development map of Arabidopsis thaliana based on RNA-seq	Arabidopsis thaliana Pedicel Replicate 2	Arabidopsis thaliana Pedicel	ecotype=Col-0 (CS70000);dev_stage=anthesis of the first flower;geo_loc_name=Russia: Moscow;tissue=Pedicel;BioSampleModel=Plant
SRP075604	SRX1795961	SRS1464233	SRR3581703	PEDICEL_1-2	PEDICEL		RNA-Seq	Illumina HiSeq 2000	SINGLE	23954061	Arabidopsis thaliana	High resolution transcriptomic development map of Arabidopsis thaliana based on RNA-seq	Arabidopsis thaliana Pedicel Replicate 1	Arabidopsis thaliana Pedicel	ecotype=Col-0 (CS70000);dev_stage=anthesis of the first flower;geo_loc_name=Russia: Moscow;tissue=Pedicel;BioSampleModel=Plant
SRP075604	SRX1796257	SRS1464022	SRR3581835	ROOT_APEX_2-2	ROOT_APEX		RNA-Seq	Illumina HiSeq 2000	SINGLE	24347968	Arabidopsis thaliana	High resolution transcriptomic development map of Arabidopsis thaliana based on RNA-seq	Arabidopsis thaliana Root Apex Replicate 2	Arabidopsis thaliana Root Apex	ecotype=Col-0 (CS70000);age=7 day;geo_loc_name=Russia: Moscow;tissue=Root Apex;BioSampleModel=Plant
SRP075604	SRX1795653	SRS1464022	SRR3581352	ROOT_APEX_1-2	ROOT_APEX		RNA-Seq	Illumina HiSeq 2000	SINGLE	24777217	Arabidopsis thaliana	High resolution transcriptomic development map of Arabidopsis thaliana based on RNA-seq	Arabidopsis thaliana Root Apex Replicate 1	Arabidopsis thaliana Root Apex	ecotype=Col-0 (CS70000);age=7 day;geo_loc_name=Russia: Moscow;tissue=Root Apex;BioSampleModel=Plant
SRP075604	SRX1796260	SRS1464083	SRR3581836	ROOT_2-2	ROOT		RNA-Seq	Illumina HiSeq 2000	SINGLE	24251789	Arabidopsis thaliana	High resolution transcriptomic development map of Arabidopsis thaliana based on RNA-seq	Arabidopsis thaliana Root Replicate 2	Arabidopsis thaliana Root	ecotype=Col-0 (CS70000);age=7 day;geo_loc_name=Russia: Moscow;tissue=Root;BioSampleModel=Plant
SRP075604	SRX1795720	SRS1464083	SRR3581356	ROOT_1-2	ROOT		RNA-Seq	Illumina HiSeq 2000	SINGLE	25220183	Arabidopsis thaliana	High resolution transcriptomic development map of Arabidopsis thaliana based on RNA-seq	Arabidopsis thaliana Root Replicate 1	Arabidopsis thaliana Root	ecotype=Col-0 (CS70000);age=7 day;geo_loc_name=Russia: Moscow;tissue=Root;BioSampleModel=Plant
SRP077477	SRX1881751	SRS1528211	SRR3724649	1H_COLD_1-2	1H_COLD		RNA-Seq	Illumina HiSeq 2000	SINGLE	39782302	Arabidopsis thaliana	Control stress dataset for transcriptomic developmental map of Arabidopsis thaliana	Arabidopsis thaliana Cold Treatment 1 hour Replicate 1	Arabidopsis thaliana Cold Treatment 1 hour	ecotype=Col-0 (CS70000);age=21 day;geo_loc_name=Russia: Moscow;tissue=Leaf Cold 1 hour;treatment=cold;BioSampleModel=Plant
SRP077477	SRX1881752	SRS1528211	SRR3724650	1H_COLD_2-2	1H_COLD		RNA-Seq	Illumina HiSeq 2000	SINGLE	37171406	Arabidopsis thaliana	Control stress dataset for transcriptomic developmental map of Arabidopsis thaliana	Arabidopsis thaliana Cold Treatment 1 hour Replicate 2	Arabidopsis thaliana Cold Treatment 1 hour	ecotype=Col-0 (CS70000);age=21 day;geo_loc_name=Russia: Moscow;tissue=Leaf Cold 1 hour;treatment=cold;BioSampleModel=Plant
SRP077477	SRX1881839	SRS1528296	SRR3724737	12H_COLD_1-2	12H_COLD		RNA-Seq	Illumina HiSeq 2000	SINGLE	36203588	Arabidopsis thaliana	Control stress dataset for transcriptomic developmental map of Arabidopsis thaliana	Arabidopsis thaliana Cold Treatment 12 hours Replicate 1	Arabidopsis thaliana Cold Treatment 12 hours	ecotype=Col-0 (CS70000);age=21 day;geo_loc_name=Russia: Moscow;tissue=Leaf Cold 12 hours;treatment=cold;BioSampleModel=Plant
SRP077477	SRX1881840	SRS1528296	SRR3724738	12H_COLD_2-2	12H_COLD		RNA-Seq	Illumina HiSeq 2000	SINGLE	31673010	Arabidopsis thaliana	Control stress dataset for transcriptomic developmental map of Arabidopsis thaliana	Arabidopsis thaliana Cold Treatment 12 hours Replicate 2	Arabidopsis thaliana Cold Treatment 12 hours	ecotype=Col-0 (CS70000);age=21 day;geo_loc_name=Russia: Moscow;tissue=Leaf Cold 12 hours;treatment=cold;BioSampleModel=Plant
SRP077477	SRX1881841	SRS1528297	SRR3724739	24H_COLD_1-2	24H_COLD		RNA-Seq	Illumina HiSeq 2000	SINGLE	43221967	Arabidopsis thaliana	Control stress dataset for transcriptomic developmental map of Arabidopsis thaliana	Arabidopsis thaliana Cold Treatment 24 hours Replicate 1	Arabidopsis thaliana Cold Treatment 24 hours	ecotype=Col-0 (CS70000);age=21 day;geo_loc_name=Russia: Moscow;tissue=Leaf Cold 24 hours;treatment=cold;BioSampleModel=Plant
SRP077477	SRX1881842	SRS1528297	SRR3724741	24H_COLD_2-2	24H_COLD		RNA-Seq	Illumina HiSeq 2000	SINGLE	54932616	Arabidopsis thaliana	Control stress dataset for transcriptomic developmental map of Arabidopsis thaliana	Arabidopsis thaliana Cold Treatment 24 hours Replicate 2	Arabidopsis thaliana Cold Treatment 24 hours	ecotype=Col-0 (CS70000);age=21 day;geo_loc_name=Russia: Moscow;tissue=Leaf Cold 24 hours;treatment=cold;BioSampleModel=Plant
SRP077477	SRX1881753	SRS1528212	SRR3724651	3H_COLD_1-2	3H_COLD		RNA-Seq	Illumina HiSeq 2000	SINGLE	27297258	Arabidopsis thaliana	Control stress dataset for transcriptomic developmental map of Arabidopsis thaliana	Arabidopsis thaliana Cold Treatment 3 hours Replicate 1	Arabidopsis thaliana Cold Treatment 3 hours	ecotype=Col-0 (CS70000);age=21 day;geo_loc_name=Russia: Moscow;tissue=Leaf Cold 3 hours;treatment=cold;BioSampleModel=Plant
SRP077477	SRX1881754	SRS1528212	SRR3724652	3H_COLD_2-2	3H_COLD		RNA-Seq	Illumina HiSeq 2000	SINGLE	31159788	Arabidopsis thaliana	Control stress dataset for transcriptomic developmental map of Arabidopsis thaliana	Arabidopsis thaliana Cold Treatment 3 hours Replicate 2	Arabidopsis thaliana Cold Treatment 3 hours	ecotype=Col-0 (CS70000);age=21 day;geo_loc_name=Russia: Moscow;tissue=Leaf Cold 3 hours;treatment=cold;BioSampleModel=Plant
SRP077477	SRX1881761	SRS1528219	SRR3724663	6H_COLD_1-2	6H_COLD		RNA-Seq	Illumina HiSeq 2000	SINGLE	25601261	Arabidopsis thaliana	Control stress dataset for transcriptomic developmental map of Arabidopsis thaliana	Arabidopsis thaliana Cold Treatment 6 hours Replicate 1	Arabidopsis thaliana Cold Treatment 6 hours	ecotype=Col-0 (CS70000);age=21 day;geo_loc_name=Russia: Moscow;tissue=Leaf Cold 6 hours;treatment=cold;BioSampleModel=Plant
SRP077477	SRX1881768	SRS1528219	SRR3724668	6H_COLD_2-2	6H_COLD		RNA-Seq	Illumina HiSeq 2000	SINGLE	29539276	Arabidopsis thaliana	Control stress dataset for transcriptomic developmental map of Arabidopsis thaliana	Arabidopsis thaliana Cold Treatment 6 hours Replicate 2	Arabidopsis thaliana Cold Treatment 6 hours	ecotype=Col-0 (CS70000);age=21 day;geo_loc_name=Russia: Moscow;tissue=Leaf Cold 6 hours;treatment=cold;BioSampleModel=Plant
SRP077477	SRX1881868	SRS1528323	SRR3724768	1H_HEAT_1-2	1H_HEAT		RNA-Seq	Illumina HiSeq 2000	SINGLE	13822746	Arabidopsis thaliana	Control stress dataset for transcriptomic developmental map of Arabidopsis thaliana	Arabidopsis thaliana Heat Treatment 1 hour Replicate 1	Arabidopsis thaliana Heat Treatment 1 hour	ecotype=Col-0 (CS70000);age=21 day;geo_loc_name=Russia: Moscow;tissue=Leaf Heat 1 hour;treatment=heat;BioSampleModel=Plant
SRP077477	SRX1881876	SRS1528323	SRR3724774	1H_HEAT_2-2	1H_HEAT		RNA-Seq	Illumina HiSeq 2000	SINGLE	13609732	Arabidopsis thaliana	Control stress dataset for transcriptomic developmental map of Arabidopsis thaliana	Arabidopsis thaliana Heat Treatment 1 hour Replicate 2	Arabidopsis thaliana Heat Treatment 1 hour	ecotype=Col-0 (CS70000);age=21 day;geo_loc_name=Russia: Moscow;tissue=Leaf Heat 1 hour;treatment=heat;BioSampleModel=Plant
SRP077477	SRX1881889	SRS1528341	SRR3724787	12H_HEAT_1-2	12H_HEAT		RNA-Seq	Illumina HiSeq 2000	SINGLE	16739193	Arabidopsis thaliana	Control stress dataset for transcriptomic developmental map of Arabidopsis thaliana	Arabidopsis thaliana Heat Treatment 12 hours Replicate 1	Arabidopsis thaliana Heat Treatment 12 hours	ecotype=Col-0 (CS70000);age=21 day;geo_loc_name=Russia: Moscow;tissue=Leaf Heat 12 hours;treatment=heat;BioSampleModel=Plant
SRP077477	SRX1881897	SRS1528341	SRR3724798	12H_HEAT_2-2	12H_HEAT		RNA-Seq	Illumina HiSeq 2000	SINGLE	16758327	Arabidopsis thaliana	Control stress dataset for transcriptomic developmental map of Arabidopsis thaliana	Arabidopsis thaliana Heat Treatment 12 hours Replicate 2	Arabidopsis thaliana Heat Treatment 12 hours	ecotype=Col-0 (CS70000);age=21 day;geo_loc_name=Russia: Moscow;tissue=Leaf Heat 12 hours;treatment=heat;BioSampleModel=Plant
SRP077477	SRX1881908	SRS1528359	SRR3724806	24H_HEAT_1-2	24H_HEAT		RNA-Seq	Illumina HiSeq 2000	SINGLE	16442117	Arabidopsis thaliana	Control stress dataset for transcriptomic developmental map of Arabidopsis thaliana	Arabidopsis thaliana Heat Treatment 24 hours Replicate 1	Arabidopsis thaliana Heat Treatment 24 hours	ecotype=Col-0 (CS70000);age=21 day;geo_loc_name=Russia: Moscow;tissue=Leaf Heat 24 hours;treatment=heat;BioSampleModel=Plant
SRP077477	SRX1881912	SRS1528359	SRR3724814	24H_HEAT_2-2	24H_HEAT		RNA-Seq	Illumina HiSeq 2000	SINGLE	14216929	Arabidopsis thaliana	Control stress dataset for transcriptomic developmental map of Arabidopsis thaliana	Arabidopsis thaliana Heat Treatment 24 hours Replicate 2	Arabidopsis thaliana Heat Treatment 24 hours	ecotype=Col-0 (CS70000);age=21 day;geo_loc_name=Russia: Moscow;tissue=Leaf Heat 24 hours;treatment=heat;BioSampleModel=Plant
SRP077477	SRX1881880	SRS1528334	SRR3724778	3H_HEAT_1-2	3H_HEAT		RNA-Seq	Illumina HiSeq 2000	SINGLE	14381738	Arabidopsis thaliana	Control stress dataset for transcriptomic developmental map of Arabidopsis thaliana	Arabidopsis thaliana Heat Treatment 3 hours Replicate 1	Arabidopsis thaliana Heat Treatment 3 hours	ecotype=Col-0 (CS70000);age=21 day;geo_loc_name=Russia: Moscow;tissue=Leaf Heat 3 hours;treatment=heat;BioSampleModel=Plant
SRP077477	SRX1881883	SRS1528334	SRR3724782	3H_HEAT_2-2	3H_HEAT		RNA-Seq	Illumina HiSeq 2000	SINGLE	12575574	Arabidopsis thaliana	Control stress dataset for transcriptomic developmental map of Arabidopsis thaliana	Arabidopsis thaliana Heat Treatment 3 hours Replicate 2	Arabidopsis thaliana Heat Treatment 3 hours	ecotype=Col-0 (CS70000);age=21 day;geo_loc_name=Russia: Moscow;tissue=Leaf Heat 3 hours;treatment=heat;BioSampleModel=Plant
SRP077477	SRX1881886	SRS1528339	SRR3724785	6H_HEAT_1-2	6H_HEAT		RNA-Seq	Illumina HiSeq 2000	SINGLE	14136645	Arabidopsis thaliana	Control stress dataset for transcriptomic developmental map of Arabidopsis thaliana	Arabidopsis thaliana Heat Treatment 6 hours Replicate 1	Arabidopsis thaliana Heat Treatment 6 hours	ecotype=Col-0 (CS70000);age=21 day;geo_loc_name=Russia: Moscow;tissue=Leaf Heat 6 hours;treatment=heat;BioSampleModel=Plant
SRP077477	SRX1881888	SRS1528339	SRR3724786	6H_HEAT_2-2	6H_HEAT		RNA-Seq	Illumina HiSeq 2000	SINGLE	14925137	Arabidopsis thaliana	Control stress dataset for transcriptomic developmental map of Arabidopsis thaliana	Arabidopsis thaliana Heat Treatment 6 hours Replicate 2	Arabidopsis thaliana Heat Treatment 6 hours	ecotype=Col-0 (CS70000);age=21 day;geo_loc_name=Russia: Moscow;tissue=Leaf Heat 6 hours;treatment=heat;BioSampleModel=Plant
SRP077477	SRX1882433	SRS1528882	SRR3725446	1H_WOUNDING_1-2	1H_WOUNDING		RNA-Seq	Illumina HiSeq 2000	SINGLE	16104177	Arabidopsis thaliana	Control stress dataset for transcriptomic developmental map of Arabidopsis thaliana	Arabidopsis thaliana Wounding Treatment 1 hour Replicate 1	Arabidopsis thaliana Wounding Treatment 1 hour	ecotype=Col-0 (CS70000);age=21 day;geo_loc_name=Russia: Moscow;tissue=Leaf Wounding 1 hour;treatment=wounding;BioSampleModel=Plant
SRP077477	SRX1882445	SRS1528882	SRR3725458	1H_WOUNDING_2-2	1H_WOUNDING		RNA-Seq	Illumina HiSeq 2000	SINGLE	15720863	Arabidopsis thaliana	Control stress dataset for transcriptomic developmental map of Arabidopsis thaliana	Arabidopsis thaliana Wounding Treatment 1 hour Replicate 2	Arabidopsis thaliana Wounding Treatment 1 hour	ecotype=Col-0 (CS70000);age=21 day;geo_loc_name=Russia: Moscow;tissue=Leaf Wounding 1 hour;treatment=wounding;BioSampleModel=Plant
SRP077477	SRX1882503	SRS1528949	SRR3725516	12H_WOUNDING_1-2	12H_WOUNDING		RNA-Seq	Illumina HiSeq 2000	SINGLE	19322440	Arabidopsis thaliana	Control stress dataset for transcriptomic developmental map of Arabidopsis thaliana	Arabidopsis thaliana Wounding Treatment 12 hours Replicate 1	Arabidopsis thaliana Wounding Treatment 12 hours	ecotype=Col-0 (CS70000);age=21 day;geo_loc_name=Russia: Moscow;tissue=Leaf Wounding 12 hours;treatment=wounding;BioSampleModel=Plant
SRP077477	SRX1882515	SRS1528949	SRR3725527	12H_WOUNDING_2-2	12H_WOUNDING		RNA-Seq	Illumina HiSeq 2000	SINGLE	18053293	Arabidopsis thaliana	Control stress dataset for transcriptomic developmental map of Arabidopsis thaliana	Arabidopsis thaliana Wounding Treatment 12 hours Replicate 2	Arabidopsis thaliana Wounding Treatment 12 hours	ecotype=Col-0 (CS70000);age=21 day;geo_loc_name=Russia: Moscow;tissue=Leaf Wounding 12 hours;treatment=wounding;BioSampleModel=Plant
SRP077477	SRX1882526	SRS1528971	SRR3725538	24H_WOUNDING_1-2	24H_WOUNDING		RNA-Seq	Illumina HiSeq 2000	SINGLE	17097515	Arabidopsis thaliana	Control stress dataset for transcriptomic developmental map of Arabidopsis thaliana	Arabidopsis thaliana Wounding Treatment 24 hours Replicate 1	Arabidopsis thaliana Wounding Treatment 24 hours	ecotype=Col-0 (CS70000);age=21 day;geo_loc_name=Russia: Moscow;tissue=Leaf Wounding 24 hours;treatment=wounding;BioSampleModel=Plant
SRP077477	SRX1882539	SRS1528971	SRR3725550	24H_WOUNDING_2-2	24H_WOUNDING		RNA-Seq	Illumina HiSeq 2000	SINGLE	17406238	Arabidopsis thaliana	Control stress dataset for transcriptomic developmental map of Arabidopsis thaliana	Arabidopsis thaliana Wounding Treatment 24 hours Replicate 2	Arabidopsis thaliana Wounding Treatment 24 hours	ecotype=Col-0 (CS70000);age=21 day;geo_loc_name=Russia: Moscow;tissue=Leaf Wounding 24 hours;treatment=wounding;BioSampleModel=Plant
SRP077477	SRX1882458	SRS1528906	SRR3725471	3H_WOUNDING_1-2	3H_WOUNDING		RNA-Seq	Illumina HiSeq 2000	SINGLE	15568873	Arabidopsis thaliana	Control stress dataset for transcriptomic developmental map of Arabidopsis thaliana	Arabidopsis thaliana Wounding Treatment 3 hours Replicate 1	Arabidopsis thaliana Wounding Treatment 3 hours	ecotype=Col-0 (CS70000);age=21 day;geo_loc_name=Russia: Moscow;tissue=Leaf Wounding 3 hours;treatment=wounding;BioSampleModel=Plant
SRP077477	SRX1882470	SRS1528906	SRR3725482	3H_WOUNDING_2-2	3H_WOUNDING		RNA-Seq	Illumina HiSeq 2000	SINGLE	15018079	Arabidopsis thaliana	Control stress dataset for transcriptomic developmental map of Arabidopsis thaliana	Arabidopsis thaliana Wounding Treatment 3 hours Replicate 2	Arabidopsis thaliana Wounding Treatment 3 hours	ecotype=Col-0 (CS70000);age=21 day;geo_loc_name=Russia: Moscow;tissue=Leaf Wounding 3 hours;treatment=wounding;BioSampleModel=Plant
SRP077477	SRX1882551	SRS1528995	SRR3725560	48H_WOUNDING_1-2	48H_WOUNDING		RNA-Seq	Illumina HiSeq 2000	SINGLE	14448564	Arabidopsis thaliana	Control stress dataset for transcriptomic developmental map of Arabidopsis thaliana	Arabidopsis thaliana Wounding Treatment 48 hours Replicate 1	Arabidopsis thaliana Wounding Treatment 48 hours	ecotype=Col-0 (CS70000);age=21 day;geo_loc_name=Russia: Moscow;tissue=Leaf Wounding 48 hours;treatment=wounding;BioSampleModel=Plant
SRP077477	SRX1882552	SRS1528995	SRR3725561	48H_WOUNDING_2-2	48H_WOUNDING		RNA-Seq	Illumina HiSeq 2000	SINGLE	15613330	Arabidopsis thaliana	Control stress dataset for transcriptomic developmental map of Arabidopsis thaliana	Arabidopsis thaliana Wounding Treatment 48 hours Replicate 2	Arabidopsis thaliana Wounding Treatment 48 hours	ecotype=Col-0 (CS70000);age=21 day;geo_loc_name=Russia: Moscow;tissue=Leaf Wounding 48 hours;treatment=wounding;BioSampleModel=Plant
SRP077477	SRX1882481	SRS1528928	SRR3725493	6H_WOUNDING_1-2	6H_WOUNDING		RNA-Seq	Illumina HiSeq 2000	SINGLE	20357656	Arabidopsis thaliana	Control stress dataset for transcriptomic developmental map of Arabidopsis thaliana	Arabidopsis thaliana Wounding Treatment 6 hours Replicate 1	Arabidopsis thaliana Wounding Treatment 6 hours	ecotype=Col-0 (CS70000);age=21 day;geo_loc_name=Russia: Moscow;tissue=Leaf Wounding 6 hours;treatment=wounding;BioSampleModel=Plant
SRP077477	SRX1882491	SRS1528928	SRR3725503	6H_WOUNDING_2-2	6H_WOUNDING		RNA-Seq	Illumina HiSeq 2000	SINGLE	17148213	Arabidopsis thaliana	Control stress dataset for transcriptomic developmental map of Arabidopsis thaliana	Arabidopsis thaliana Wounding Treatment 6 hours Replicate 2	Arabidopsis thaliana Wounding Treatment 6 hours	ecotype=Col-0 (CS70000);age=21 day;geo_loc_name=Russia: Moscow;tissue=Leaf Wounding 6 hours;treatment=wounding;BioSampleModel=Plant
